000001	股份制银行Ⅲ
000002	住宅开发
000004	横向通用软件
000005	综合环境治理
000006	住宅开发
000007	商业物业经营
000008	轨交设备Ⅲ
000009	电池化学品
000010	园林工程
000011	住宅开发
000012	玻璃制造
000014	住宅开发
000016	彩电
000017	其他运输设备
000019	粮油加工
000020	面板
000021	消费电子零部件及组装
000023	水泥制品
000025	汽车经销商
000026	钟表珠宝
000027	火力发电
000028	医药流通
000029	住宅开发
000030	底盘与发动机系统
000031	商业地产
000032	通信终端及配件
000034	IT服务Ⅲ
000035	固废治理
000036	住宅开发
000037	热力服务
000038	综合Ⅲ
000039	金属制品
000040	光伏发电
000042	住宅开发
000045	面板
000046	住宅开发
000048	住宅开发
000049	锂电池
000050	面板
000055	其他建材Ⅲ
000056	物业管理
000058	商业物业经营
000059	炼油化工
000060	铅锌
000061	商业物业经营
000062	其他电子Ⅲ
000063	通信网络设备及器件
000065	国际工程
000066	其他计算机设备
000068	综合环境治理
000069	商业地产
000070	通信线缆及配套
000078	医药流通
000088	高速公路
000089	机场
000090	住宅开发
000096	油品石化贸易
000099	航空运输
000100	面板
000150	医院
000151	贸易Ⅲ
000153	化学制剂
000155	风力发电
000156	电视广播Ⅲ
000157	工程机械整机
000158	IT服务Ⅲ
000159	油品石化贸易
000166	证券Ⅲ
000301	炼油化工
000333	空调
000338	底盘与发动机系统
000400	电网自动化设备
000401	水泥制造
000402	商业地产
000403	血液制品
000404	家电零部件Ⅲ
000407	燃气Ⅲ
000408	钾肥
000409	综合Ⅲ
000410	机床工具
000411	医药流通
000413	面板
000415	租赁
000416	金融控股
000417	百货
000419	多业态零售
000420	粘胶
000421	燃气Ⅲ
000422	氯碱
000423	中药Ⅲ
000425	工程机械整机
000426	铅锌
000428	酒店
000429	高速公路
000430	自然景区
000488	大宗用纸
000498	基建市政工程
000501	百货
000502	物业管理
000503	垂直应用软件
000504	其他医疗服务
000505	粮油加工
000506	住宅开发
000507	港口
000509	医院
000510	氯碱
000513	化学制剂
000514	住宅开发
000516	医院
000517	住宅开发
000518	其他生物制品
000519	地面兵装Ⅲ
000520	航运
000521	冰洗
000523	洗护用品
000524	旅游综合
000525	农药
000526	培训教育
000528	工程机械整机
000529	教育出版
000530	制冷空调设备
000531	火力发电
000532	资产管理
000533	输变电设备
000534	其他生物制品
000536	面板
000537	住宅开发
000538	中药Ⅲ
000539	火力发电
000540	住宅开发
000541	照明设备Ⅲ
000543	火力发电
000544	水务及水治理
000545	钛白粉
000546	水泥制造
000547	军工电子Ⅲ
000548	高速公路
000550	商用载货车
000551	环保设备Ⅲ
000552	动力煤
000553	农药
000554	油品石化贸易
000555	IT服务Ⅲ
000557	铁路运输
000558	住宅开发
000559	底盘与发动机系统
000560	房产租赁经纪
000561	航空装备Ⅲ
000563	信托
000564	百货
000565	涂料油墨
000566	化学制剂
000567	资产管理
000568	白酒Ⅲ
000570	底盘与发动机系统
000571	动力煤
000572	综合乘用车
000573	住宅开发
000576	地面兵装Ⅲ
000581	底盘与发动机系统
000582	港口
000584	机器人
000585	输变电设备
000586	通信线缆及配套
000587	钟表珠宝
000589	轮胎轮毂
000590	中药Ⅲ
000591	光伏发电
000592	林业Ⅲ
000593	燃气Ⅲ
000595	金属制品
000596	白酒Ⅲ
000597	化学制剂
000598	水务及水治理
000599	轮胎轮毂
000600	火力发电
000601	水力发电
000603	铅锌
000605	水务及水治理
000606	IT服务Ⅲ
000607	广告媒体
000608	商业地产
000609	住宅开发
000610	酒店
000611	动力煤
000612	铝
000613	酒店
000615	医美服务
000616	住宅开发
000617	金融控股
000619	其他建材Ⅲ
000620	住宅开发
000622	综合Ⅲ
000623	化学制剂
000625	综合乘用车
000626	原材料供应链服务
000627	保险Ⅲ
000628	房屋建设Ⅲ
000629	冶钢辅料
000630	铜
000631	住宅开发
000632	综合Ⅲ
000633	其他金属新材料
000635	氯碱
000636	被动元件
000637	其他石化
000638	IT服务Ⅲ
000639	粮油加工
000650	中药Ⅲ
000651	空调
000652	综合Ⅲ
000655	铁矿石
000656	住宅开发
000657	钨
000659	塑料包装
000661	其他生物制品
000662	垂直应用软件
000663	定制家居
000665	电视广播Ⅲ
000666	信托
000667	住宅开发
000668	住宅开发
000669	燃气Ⅲ
000670	数字芯片设计
000671	住宅开发
000672	水泥制造
000673	影视动漫制作
000676	营销代理
000677	粘胶
000678	底盘与发动机系统
000679	多业态零售
000680	工程机械整机
000681	图片媒体
000682	电网自动化设备
000683	纯碱
000685	水务及水治理
000686	证券Ⅲ
000687	航空装备Ⅲ
000688	铅锌
000690	火力发电
000691	住宅开发
000692	热力服务
000695	印刷
000697	航空装备Ⅲ
000698	炼油化工
000700	车身附件及饰件
000701	其他电子Ⅲ
000702	畜禽饲料
000703	炼油化工
000705	医药流通
000707	纯碱
000708	特钢Ⅲ
000709	板材
000710	体外诊断
000711	固废治理
000712	证券Ⅲ
000713	种子
000715	百货
000716	烘焙食品
000717	长材
000718	住宅开发
000719	大众出版
000720	产业地产
000721	餐饮
000722	水力发电
000723	焦炭Ⅲ
000725	面板
000726	棉纺
000727	面板
000728	证券Ⅲ
000729	啤酒
000731	氮肥
000732	住宅开发
000733	军工电子Ⅲ
000735	生猪养殖
000736	住宅开发
000737	无机盐
000738	航空装备Ⅲ
000739	原料药
000750	证券Ⅲ
000751	铅锌
000752	啤酒
000753	综合Ⅲ
000755	高速公路
000756	原料药
000757	汽车综合服务
000758	铅锌
000759	超市
000760	底盘与发动机系统
000761	板材
000762	锂
000766	化学制剂
000767	火力发电
000768	航空装备Ⅲ
000776	证券Ⅲ
000777	金属制品
000778	钢铁管材
000779	工程咨询服务Ⅲ
000780	动力煤
000782	锦纶
000783	证券Ⅲ
000785	商业物业经营
000786	其他建材Ⅲ
000788	化学制剂
000789	水泥制造
000790	中药Ⅲ
000791	水力发电
000792	钾肥
000793	大众出版
000795	磁性材料
000796	旅游综合
000797	住宅开发
000798	海洋捕捞
000799	白酒Ⅲ
000800	商用载货车
000801	其他黑色家电
000802	影视动漫制作
000803	电能综合服务
000806	输变电设备
000807	铝
000809	住宅开发
000810	其他黑色家电
000811	制冷空调设备
000812	纸包装
000813	化学制剂
000815	大宗用纸
000816	底盘与发动机系统
000818	氯碱
000819	其他石化
000820	固废治理
000821	印刷包装机械
000822	纯碱
000823	印制电路板
000825	特钢Ⅲ
000826	综合环境治理
000828	高速公路
000829	专业连锁Ⅲ
000830	煤化工
000831	稀土
000833	综合Ⅲ
000835	游戏Ⅲ
000836	通信线缆及配套
000837	机床工具
000838	住宅开发
000839	综合Ⅲ
000848	软饮料
000850	棉纺
000851	通信网络设备及器件
000852	能源及重型设备
000856	其他专用设备
000858	白酒Ⅲ
000859	膜材料
000860	白酒Ⅲ
000861	商业物业经营
000862	风力发电
000863	住宅开发
000868	商用载客车
000869	其他酒类
000875	电能综合服务
000876	生猪养殖
000877	水泥制造
000878	铜
000880	底盘与发动机系统
000881	其他化学制品
000882	百货
000883	电能综合服务
000885	高速公路
000886	高速公路
000887	其他汽车零部件
000888	自然景区
000889	通信工程及服务
000890	金属制品
000892	影视动漫制作
000893	钾肥
000895	肉制品
000897	住宅开发
000898	板材
000899	火力发电
000900	高速公路
000901	军工电子Ⅲ
000902	复合肥
000903	底盘与发动机系统
000905	港口
000906	原材料供应链服务
000908	化学制剂
000909	住宅开发
000910	瓷砖地板
000911	其他农产品加工
000912	氮肥
000913	摩托车
000915	化学制剂
000917	电视广播Ⅲ
000918	住宅开发
000919	中药Ⅲ
000920	水务及水治理
000921	空调
000922	电机Ⅲ
000923	铁矿石
000925	轨交设备Ⅲ
000926	住宅开发
000927	综合乘用车
000928	国际工程
000929	啤酒
000930	其他农产品加工
000931	化学制剂
000932	板材
000933	铝
000935	水泥制造
000936	涤纶
000937	焦煤
000938	IT服务Ⅲ
000948	垂直应用软件
000949	氨纶
000950	医药流通
000951	商用载货车
000952	原料药
000953	氮肥
000955	其他纺织
000957	商用载客车
000958	火力发电
000959	板材
000960	其他小金属
000961	住宅开发
000962	其他小金属
000963	化学制剂
000965	住宅开发
000966	火力发电
000967	环保设备Ⅲ
000968	油气开采Ⅲ
000969	其他金属新材料
000970	磁性材料
000971	通信应用增值服务
000972	果蔬加工
000973	膜材料
000975	黄金
000976	轨交设备Ⅲ
000977	其他计算机设备
000978	自然景区
000980	汽车电子电气系统
000981	住宅开发
000982	其他纺织
000983	焦煤
000985	其他石化
000987	金融控股
000988	激光设备
000989	中药Ⅲ
000990	煤化工
000993	水力发电
000995	白酒Ⅲ
000996	汽车经销商
000997	其他计算机设备
000998	种子
000999	中药Ⅲ
001201	生猪养殖
001202	原材料供应链服务
001203	铁矿石
001205	航运
001206	生活用纸
001207	炭黑
001208	线缆部件及其他
001209	非运动服装
001210	热力服务
001696	其他通用设备
001872	港口
001896	火力发电
001914	物业管理
001965	高速公路
001979	商业地产
002001	原料药
002002	氯碱
002003	辅料
002004	化学制剂
002005	厨房小家电
002006	其他专用设备
002007	血液制品
002008	激光设备
002009	其他专用设备
002010	公路货运
002011	家电零部件Ⅲ
002012	特种纸
002013	航空装备Ⅲ
002014	塑料包装
002015	热力服务
002016	住宅开发
002017	通信终端及配件
002019	化学制剂
002020	化学制剂
002021	纺织服装设备
002022	体外诊断
002023	航空装备Ⅲ
002024	综合电商
002025	军工电子Ⅲ
002026	金属制品
002027	广告媒体
002028	输变电设备
002029	非运动服装
002030	体外诊断
002031	其他专用设备
002032	厨房小家电
002033	自然景区
002034	固废治理
002035	厨房电器
002036	光学元件
002037	民爆制品
002038	其他生物制品
002039	水力发电
002040	港口
002041	种子
002042	棉纺
002043	其他建材Ⅲ
002044	医院
002045	品牌消费电子
002046	金属制品
002047	装修装饰Ⅲ
002048	车身附件及饰件
002049	数字芯片设计
002050	家电零部件Ⅲ
002051	国际工程
002052	其他黑色家电
002053	无机盐
002054	纺织化学制品
002055	消费电子零部件及组装
002056	磁性材料
002057	磁性材料
002058	电工仪器仪表
002059	人工景区
002060	基建市政工程
002061	基建市政工程
002062	基建市政工程
002063	垂直应用软件
002064	氨纶
002065	IT服务Ⅲ
002066	耐火材料
002067	大宗用纸
002068	炭黑
002069	水产养殖
002071	影视动漫制作
002072	综合Ⅲ
002073	其他专用设备
002074	锂电池
002075	特钢Ⅲ
002076	照明设备Ⅲ
002077	集成电路封测
002078	大宗用纸
002079	分立器件
002080	玻纤制造
002081	装修装饰Ⅲ
002082	铝
002083	棉纺
002084	卫浴制品
002085	轮胎轮毂
002086	水产养殖
002087	棉纺
002088	耐火材料
002089	通信网络设备及器件
002090	电网自动化设备
002091	贸易Ⅲ
002092	氯碱
002093	通信工程及服务
002094	化妆品制造及其他
002095	门户网站
002096	民爆制品
002097	工程机械整机
002098	辅料
002099	原料药
002100	畜禽饲料
002101	其他汽车零部件
002102	原料药
002103	营销代理
002104	通信终端及配件
002105	其他运输设备
002106	面板
002107	中药Ⅲ
002108	其他塑料制品
002109	其他化学原料
002110	长材
002111	其他专用设备
002112	输变电设备
002113	游戏Ⅲ
002114	铅锌
002115	通信工程及服务
002116	其他专业工程
002117	印刷
002118	中药Ⅲ
002119	半导体材料
002120	快递
002121	电工仪器仪表
002122	金属制品
002123	通信应用增值服务
002124	生猪养殖
002125	无机盐
002126	底盘与发动机系统
002127	电商服务
002128	动力煤
002129	硅料硅片
002130	其他电子Ⅲ
002131	营销代理
002132	金属制品
002133	住宅开发
002134	印制电路板
002135	钢结构
002136	钛白粉
002137	营销代理
002138	被动元件
002139	消费电子零部件及组装
002140	化学工程
002141	其他电子Ⅲ
002142	城商行Ⅲ
002143	营销代理
002144	其他纺织
002145	钛白粉
002146	住宅开发
002147	其他通用设备
002148	通信应用增值服务
002149	其他小金属
002150	金属制品
002151	军工电子Ⅲ
002152	其他计算机设备
002153	垂直应用软件
002154	非运动服装
002155	黄金
002156	集成电路封测
002157	生猪养殖
002158	制冷空调设备
002159	自然景区
002160	铝
002161	其他电子Ⅲ
002162	瓷砖地板
002163	玻璃制造
002164	金属制品
002165	聚氨酯
002166	中药Ⅲ
002167	其他小金属
002168	游戏Ⅲ
002169	电网自动化设备
002170	复合肥
002171	铜
002172	粘胶
002173	医院
002174	游戏Ⅲ
002175	综合Ⅲ
002176	电机Ⅲ
002177	其他计算机设备
002178	垂直应用软件
002179	军工电子Ⅲ
002180	数字芯片设计
002181	大众出版
002182	其他小金属
002183	中间产品及消费品供应链服务
002184	工控设备
002185	集成电路封测
002186	餐饮
002187	百货
002188	营销代理
002189	军工电子Ⅲ
002190	航空装备Ⅲ
002191	纸包装
002192	锂电专用设备
002193	其他纺织
002194	通信网络设备及器件
002195	IT服务Ⅲ
002196	电机Ⅲ
002197	其他计算机设备
002198	中药Ⅲ
002199	被动元件
002200	园林工程
002201	玻纤制造
002202	风电整机
002203	铜
002204	能源及重型设备
002205	综合环境治理
002206	涤纶
002207	油田服务
002208	住宅开发
002209	印刷包装机械
002210	原材料供应链服务
002211	有机硅
002212	横向通用软件
002213	底盘与发动机系统
002214	军工电子Ⅲ
002215	农药
002216	预加工食品
002217	面板
002218	光伏辅材
002219	医院
002221	其他石化
002222	光学元件
002223	医疗设备
002224	其他橡胶制品
002225	耐火材料
002226	民爆制品
002227	火电设备
002228	纸包装
002229	印刷
002230	横向通用软件
002231	通信工程及服务
002232	IT服务Ⅲ
002233	水泥制造
002234	肉鸡养殖
002235	特种纸
002236	安防设备
002237	黄金
002238	电视广播Ⅲ
002239	汽车电子电气系统
002240	锂
002241	消费电子零部件及组装
002242	厨房小家电
002243	化妆品制造及其他
002244	住宅开发
002245	锂电池
002246	民爆制品
002247	营销代理
002248	机床工具
002249	电机Ⅲ
002250	农药
002251	超市
002252	血液制品
002253	垂直应用软件
002254	氨纶
002255	火电设备
002256	光伏发电
002258	农药
002259	燃气Ⅲ
002260	厨房小家电
002261	教育运营及其他
002262	化学制剂
002263	膜材料
002264	超市
002265	底盘与发动机系统
002266	固废治理
002267	燃气Ⅲ
002268	其他计算机设备
002269	非运动服装
002270	输变电设备
002271	防水材料
002272	工程机械器件
002273	光学元件
002274	复合肥
002275	中药Ⅲ
002276	线缆部件及其他
002277	百货
002278	能源及重型设备
002279	横向通用软件
002280	跨境电商
002281	通信网络设备及器件
002282	磨具磨料
002283	底盘与发动机系统
002284	底盘与发动机系统
002285	房产租赁经纪
002286	其他农产品加工
002287	中药Ⅲ
002288	印制电路板
002289	面板
002290	家电零部件Ⅲ
002291	营销代理
002292	影视动漫制作
002293	家纺
002294	化学制剂
002295	铜
002296	通信网络设备及器件
002297	航空装备Ⅲ
002298	垂直应用软件
002299	肉鸡养殖
002300	线缆部件及其他
002301	文化用品
002302	水泥制品
002303	纸包装
002304	白酒Ⅲ
002305	商业地产
002306	餐饮
002307	基建市政工程
002308	其他计算机设备
002309	光伏电池组件
002310	园林工程
002311	水产饲料
002312	磷肥及磷化工
002313	通信终端及配件
002314	住宅开发
002315	跨境电商
002316	金融信息服务
002317	中药Ⅲ
002318	特钢Ⅲ
002319	涂料油墨
002320	航运
002321	其他养殖
002322	垂直应用软件
002323	其他建材Ⅲ
002324	改性塑料
002325	装修装饰Ⅲ
002326	氟化工
002327	家纺
002328	其他汽车零部件
002329	乳品
002330	肉制品
002331	IT服务Ⅲ
002332	化学制剂
002333	其他建材Ⅲ
002334	工控设备
002335	其他能源设备Ⅲ
002336	超市
002337	其他专用设备
002338	军工电子Ⅲ
002339	电网自动化设备
002340	电池化学品
002341	膜材料
002342	金属制品
002343	影视动漫制作
002344	商业物业经营
002345	钟表珠宝
002346	输变电设备
002347	金属制品
002348	娱乐用品
002349	中药Ⅲ
002350	配电设备
002351	品牌消费电子
002352	快递
002353	能源及重型设备
002354	游戏Ⅲ
002355	轮胎轮毂
002356	多业态零售
002357	公交
002358	输变电设备
002359	电信运营商
002360	民爆制品
002361	合成树脂
002362	垂直应用软件
002363	底盘与发动机系统
002364	其他能源设备Ⅲ
002365	原料药
002366	其他能源设备Ⅲ
002367	楼宇设备
002368	IT服务Ⅲ
002369	消费电子零部件及组装
002370	化学制剂
002371	半导体设备
002372	管材
002373	IT服务Ⅲ
002374	金属包装
002375	装修装饰Ⅲ
002376	其他计算机设备
002377	房产租赁经纪
002378	钨
002379	铝
002380	IT服务Ⅲ
002381	其他橡胶制品
002382	医疗耗材
002383	军工电子Ⅲ
002384	印制电路板
002385	畜禽饲料
002386	氯碱
002387	面板
002388	其他电子Ⅲ
002389	航空装备Ⅲ
002390	中药Ⅲ
002391	农药
002392	耐火材料
002393	化学制剂
002394	棉纺
002395	合成树脂
002396	通信网络设备及器件
002397	家纺
002398	其他建材Ⅲ
002399	原料药
002400	营销代理
002401	IT服务Ⅲ
002402	消费电子零部件及组装
002403	厨房小家电
002404	其他纺织
002405	垂直应用软件
002406	底盘与发动机系统
002407	氟化工
002408	其他石化
002409	半导体材料
002410	垂直应用软件
002411	医药流通
002412	中药Ⅲ
002413	军工电子Ⅲ
002414	军工电子Ⅲ
002415	安防设备
002416	专业连锁Ⅲ
002417	IT服务Ⅲ
002418	家电零部件Ⅲ
002419	百货
002420	家电零部件Ⅲ
002421	IT服务Ⅲ
002422	化学制剂
002423	金融控股
002424	中药Ⅲ
002425	游戏Ⅲ
002426	金属制品
002427	涤纶
002428	其他小金属
002429	彩电
002430	其他专用设备
002431	园林工程
002432	医疗设备
002433	中药Ⅲ
002434	底盘与发动机系统
002435	化学制剂
002436	印制电路板
002437	化学制剂
002438	金属制品
002439	横向通用软件
002440	纺织化学制品
002441	配电设备
002442	炭黑
002443	特钢Ⅲ
002444	其他通用设备
002445	游戏Ⅲ
002446	军工电子Ⅲ
002447	游戏Ⅲ
002448	底盘与发动机系统
002449	LED
002450	膜材料
002451	线缆部件及其他
002452	输变电设备
002453	其他化学制品
002454	汽车电子电气系统
002455	其他化学制品
002456	光学元件
002457	管材
002458	肉鸡养殖
002459	光伏电池组件
002460	锂
002461	啤酒
002462	医药流通
002463	印制电路板
002464	游戏Ⅲ
002465	军工电子Ⅲ
002466	锂
002467	通信应用增值服务
002468	快递
002469	化学工程
002470	复合肥
002471	线缆部件及其他
002472	底盘与发动机系统
002473	厨房小家电
002474	IT服务Ⅲ
002475	消费电子零部件及组装
002476	其他石化
002478	特钢Ⅲ
002479	热力服务
002480	金属制品
002481	其他农产品加工
002482	装修装饰Ⅲ
002483	能源及重型设备
002484	被动元件
002485	非运动服装
002486	其他纺织
002487	风电零部件
002488	轮胎轮毂
002489	成品家居
002490	能源及重型设备
002491	通信线缆及配套
002492	仓储物流
002493	炼油化工
002494	非运动服装
002495	调味发酵品Ⅲ
002496	农药
002497	民爆制品
002498	线缆部件及其他
002499	光伏发电
002500	证券Ⅲ
002501	铝
002502	影视动漫制作
002503	非运动服装
002504	装修装饰Ⅲ
002505	其他养殖
002506	光伏电池组件
002507	调味发酵品Ⅲ
002508	厨房电器
002510	其他汽车零部件
002511	生活用纸
002512	其他计算机设备
002513	农药
002514	金属制品
002515	肉制品
002516	车身附件及饰件
002517	游戏Ⅲ
002518	其他能源设备Ⅲ
002519	其他黑色家电
002520	机床工具
002521	特种纸
002522	膜材料
002523	能源及重型设备
002524	医院
002526	能源及重型设备
002527	机器人
002528	安防设备
002529	其他专用设备
002530	IT服务Ⅲ
002531	风电零部件
002532	铝
002533	线缆部件及其他
002534	火电设备
002535	能源及重型设备
002536	底盘与发动机系统
002537	车身附件及饰件
002538	复合肥
002539	复合肥
002540	铝
002541	钢结构
002542	其他专业工程
002543	卫浴电器
002544	通信工程及服务
002545	钢结构
002546	电工仪器仪表
002547	消费电子零部件及组装
002548	畜禽饲料
002549	其他化学制品
002550	化学制剂
002551	医疗耗材
002552	金属制品
002553	底盘与发动机系统
002554	油气及炼化工程
002555	游戏Ⅲ
002556	农业综合Ⅲ
002557	零食
002558	游戏Ⅲ
002559	机床工具
002560	线缆部件及其他
002561	百货
002562	食品及饲料添加剂
002563	非运动服装
002564	能源及重型设备
002565	纸包装
002566	中药Ⅲ
002567	畜禽饲料
002568	其他酒类
002569	非运动服装
002570	乳品
002571	其他家居用品
002572	定制家居
002573	大气治理
002574	钟表珠宝
002575	娱乐用品
002576	电机Ⅲ
002577	其他计算机设备
002578	铝
002579	印制电路板
002580	蓄电池及其他电池
002581	其他生物制品
002582	零食
002583	通信网络设备及器件
002584	电子化学品Ⅲ
002585	膜材料
002586	基建市政工程
002587	LED
002588	复合肥
002589	医药流通
002590	底盘与发动机系统
002591	营销代理
002592	底盘与发动机系统
002593	钢结构
002594	电动乘用车
002595	其他专用设备
002596	水泥制品
002597	食品及饲料添加剂
002598	其他通用设备
002599	印刷
002600	消费电子零部件及组装
002601	钛白粉
002602	游戏Ⅲ
002603	中药Ⅲ
002605	娱乐用品
002606	线缆部件及其他
002607	培训教育
002608	火力发电
002609	IT服务Ⅲ
002610	光伏辅材
002611	印刷包装机械
002612	非运动服装
002613	玻璃制造
002614	其他家电Ⅲ
002615	其他家居用品
002616	其他能源发电
002617	光伏发电
002618	印制电路板
002619	游戏Ⅲ
002620	装修装饰Ⅲ
002621	培训教育
002622	输变电设备
002623	光伏辅材
002624	游戏Ⅲ
002625	航空装备Ⅲ
002626	保健品
002627	公交
002628	基建市政工程
002629	油田服务
002630	火电设备
002631	定制家居
002632	膜材料
002633	金属制品
002634	鞋帽及其他
002635	消费电子零部件及组装
002636	印制电路板
002637	其他化学制品
002638	培训教育
002639	制冷空调设备
002640	跨境电商
002641	管材
002642	IT服务Ⅲ
002643	电子化学品Ⅲ
002644	中药Ⅲ
002645	环保设备Ⅲ
002646	白酒Ⅲ
002647	金融信息服务
002648	其他石化
002649	IT服务Ⅲ
002650	调味发酵品Ⅲ
002651	能源及重型设备
002652	其他建材Ⅲ
002653	化学制剂
002654	LED
002655	消费电子零部件及组装
002656	非运动服装
002657	IT服务Ⅲ
002658	环保设备Ⅲ
002659	学历教育
002660	消费电子零部件及组装
002661	其他农产品加工
002662	车身附件及饰件
002663	园林工程
002664	汽车电子电气系统
002665	其他能源设备Ⅲ
002666	其他化学制品
002667	能源及重型设备
002668	冰洗
002669	胶黏剂及胶带
002670	证券Ⅲ
002671	水泥制品
002672	固废治理
002673	证券Ⅲ
002674	辅料
002675	化学制剂
002676	家电零部件Ⅲ
002677	厨房电器
002678	娱乐用品
002679	林业Ⅲ
002681	消费电子零部件及组装
002682	公路货运
002683	民爆制品
002684	汽车综合服务
002685	机床工具
002686	制冷空调设备
002687	非运动服装
002688	动物保健Ⅲ
002689	楼宇设备
002690	其他专用设备
002691	能源及重型设备
002692	线缆部件及其他
002693	其他生物制品
002694	管材
002695	熟食
002696	水产养殖
002697	超市
002698	机器人
002699	影视动漫制作
002700	燃气Ⅲ
002701	金属包装
002702	预加工食品
002703	底盘与发动机系统
002705	厨房小家电
002706	配电设备
002707	旅游综合
002708	底盘与发动机系统
002709	电池化学品
002711	原材料供应链服务
002712	营销代理
002713	装修装饰Ⅲ
002714	生猪养殖
002715	底盘与发动机系统
002716	白银
002717	园林工程
002718	其他建材Ⅲ
002719	乳品
002721	钟表珠宝
002722	其他纺织
002723	照明设备Ⅲ
002724	其他电子Ⅲ
002725	轮胎轮毂
002726	肉制品
002727	线下药店
002728	中药Ⅲ
002729	其他电子Ⅲ
002730	能源及重型设备
002731	钟表珠宝
002732	乳品
002733	蓄电池及其他电池
002734	农药
002735	塑料包装
002736	证券Ⅲ
002737	中药Ⅲ
002738	其他小金属
002739	院线
002740	钟表珠宝
002741	电子化学品Ⅲ
002742	水泥制品
002743	钢结构
002745	LED
002746	肉鸡养殖
002747	机器人
002748	氯碱
002749	农药
002750	中药Ⅲ
002751	会展服务
002752	金属包装
002753	炭黑
002755	化学制剂
002756	特钢Ⅲ
002757	其他专用设备
002758	医药流通
002759	电池化学品
002760	磨具磨料
002761	房屋建设Ⅲ
002762	非运动服装
002763	鞋帽及其他
002765	面板
002766	汽车电子电气系统
002767	仪器仪表
002768	改性塑料
002769	中间产品及消费品供应链服务
002770	乳品
002771	IT服务Ⅲ
002772	食用菌
002773	化学制剂
002774	楼宇设备
002775	园林工程
002776	非运动服装
002777	IT服务Ⅲ
002778	其他石化
002779	其他专用设备
002780	运动服装
002781	装修装饰Ⅲ
002782	消费电子零部件及组装
002783	民爆制品
002785	其他建材Ⅲ
002786	其他专用设备
002787	金属包装
002788	医药流通
002789	装修装饰Ⅲ
002790	卫浴制品
002791	其他建材Ⅲ
002792	通信网络设备及器件
002793	化学制剂
002795	金属制品
002796	楼宇设备
002797	证券Ⅲ
002798	瓷砖地板
002799	纸包装
002800	公路货运
002801	电机Ⅲ
002802	其他化学制品
002803	跨境电商
002805	其他化学原料
002806	铝
002807	农商行Ⅲ
002808	光学元件
002809	其他化学制品
002810	其他化学制品
002811	装修装饰Ⅲ
002812	电池化学品
002813	汽车电子电气系统
002815	印制电路板
002816	其他专用设备
002817	医疗耗材
002818	商业物业经营
002819	仪器仪表
002820	烘焙食品
002821	医疗研发外包
002822	装修装饰Ⅲ
002823	电机Ⅲ
002824	铝
002825	其他塑料制品
002826	化学制剂
002827	民爆制品
002828	油田服务
002829	航天装备Ⅲ
002830	装修装饰Ⅲ
002831	纸包装
002832	非运动服装
002833	其他专用设备
002835	安防设备
002836	纸包装
002837	其他专用设备
002838	改性塑料
002839	农商行Ⅲ
002840	肉制品
002841	教育运营及其他
002842	钨
002843	金属制品
002845	面板
002846	金属包装
002847	零食
002848	其他黑色家电
002849	仪器仪表
002850	锂电池
002851	其他能源设备Ⅲ
002852	粮油加工
002853	定制家居
002855	消费电子零部件及组装
002856	装修装饰Ⅲ
002857	电工仪器仪表
002858	体育Ⅲ
002859	其他电子Ⅲ
002860	家电零部件Ⅲ
002861	消费电子零部件及组装
002862	娱乐用品
002863	轮胎轮毂
002864	中药Ⅲ
002865	车身附件及饰件
002866	消费电子零部件及组装
002867	钟表珠宝
002868	动物保健Ⅲ
002869	其他电子Ⅲ
002870	仪器仪表
002871	金属制品
002872	医药流通
002873	中药Ⅲ
002875	非运动服装
002876	面板
002877	金属制品
002878	会展服务
002879	线缆部件及其他
002880	血液制品
002881	消费电子零部件及组装
002882	线缆部件及其他
002883	工程咨询服务Ⅲ
002884	其他通用设备
002885	消费电子零部件及组装
002886	改性塑料
002887	综合环境治理
002888	品牌消费电子
002889	中间产品及消费品供应链服务
002890	农用机械
002891	宠物食品
002892	电机Ⅲ
002893	热力服务
002895	磷肥及磷化工
002896	金属制品
002897	通信网络设备及器件
002898	化学制剂
002899	娱乐用品
002900	化学制剂
002901	医疗耗材
002902	通信网络设备及器件
002903	机床工具
002905	院线
002906	汽车电子电气系统
002907	中药Ⅲ
002908	通信终端及配件
002909	有机硅
002910	乳品
002911	燃气Ⅲ
002912	其他计算机设备
002913	印制电路板
002915	氟化工
002916	印制电路板
002917	民爆制品
002918	瓷砖地板
002919	洗护用品
002920	汽车电子电气系统
002921	其他汽车零部件
002922	其他电子Ⅲ
002923	化学制剂
002925	消费电子零部件及组装
002926	证券Ⅲ
002927	配电设备
002928	航空运输
002929	通信工程及服务
002930	仓储物流
002931	金属制品
002932	体外诊断
002933	航空装备Ⅲ
002935	军工电子Ⅲ
002936	城商行Ⅲ
002937	消费电子零部件及组装
002938	印制电路板
002939	证券Ⅲ
002940	化学制剂
002941	基建市政工程
002942	农药
002943	机床工具
002945	证券Ⅲ
002946	乳品
002947	消费电子零部件及组装
002948	城商行Ⅲ
002949	工程咨询服务Ⅲ
002950	医疗耗材
002951	纸包装
002952	面板
002953	线缆部件及其他
002955	面板
002956	烘焙食品
002957	工控设备
002958	农商行Ⅲ
002959	厨房小家电
002960	楼宇设备
002961	期货
002962	光学元件
002963	装修装饰Ⅲ
002965	金属制品
002966	城商行Ⅲ
002967	检测服务
002968	物业管理
002969	金属包装
002970	其他计算机设备
002971	其他化学制品
002972	轨交设备Ⅲ
002973	固废治理
002975	工控设备
002976	消费电子零部件及组装
002977	军工电子Ⅲ
002978	其他小金属
002979	机器人
002980	电工仪器仪表
002981	消费电子零部件及组装
002982	肉鸡养殖
002983	LED
002984	轮胎轮毂
002985	航空装备Ⅲ
002986	其他石化
002987	垂直应用软件
002988	铝
002989	装修装饰Ⅲ
002990	其他计算机设备
002991	零食
002992	面板
002993	消费电子零部件及组装
002995	营销代理
002996	铝
002997	其他汽车零部件
002998	涤纶
002999	复合肥
003000	零食
003001	其他专业工程
003002	民爆制品
003003	综合包装
003004	安防设备
003005	IT服务Ⅲ
003006	生活用纸
003007	垂直应用软件
003008	检测服务
003009	航天装备Ⅲ
003010	电商服务
003011	瓷砖地板
003012	瓷砖地板
003013	工程咨询服务Ⅲ
003015	光学元件
003016	非运动服装
003017	无机盐
003018	塑料包装
003019	面板
003020	化学制剂
003021	电机Ⅲ
003022	光伏辅材
003023	厨房小家电
003025	机床工具
003026	半导体材料
003027	大气治理
003028	消费电子零部件及组装
003029	垂直应用软件
003030	其他农产品加工
003031	通信终端及配件
003032	培训教育
003033	摩托车
003035	电能综合服务
003036	纺织服装设备
003037	管材
003038	铝
003039	水务及水治理
003040	通信终端及配件
003041	家纺
003042	农药
003043	半导体设备
003816	核力发电
300001	输变电设备
300002	游戏Ⅲ
300003	医疗耗材
300004	其他专用设备
300005	运动服装
300006	化学制剂
300007	仪器仪表
300008	航海装备Ⅲ
300009	其他生物制品
300010	培训教育
300011	轨交设备Ⅲ
300012	检测服务
300013	中间产品及消费品供应链服务
300014	锂电池
300015	医院
300016	化学制剂
300017	IT服务Ⅲ
300018	电网自动化设备
300019	有机硅
300020	IT服务Ⅲ
300021	农业综合Ⅲ
300022	专业连锁Ⅲ
300023	金融控股
300024	机器人
300025	通信工程及服务
300026	中药Ⅲ
300027	影视动漫制作
300029	光伏加工设备
300030	医疗设备
300031	游戏Ⅲ
300032	消费电子零部件及组装
300033	垂直应用软件
300034	航空装备Ⅲ
300035	电池化学品
300036	横向通用软件
300037	电池化学品
300038	营销代理
300039	中药Ⅲ
300040	电网自动化设备
300041	有机硅
300042	其他计算机设备
300043	游戏Ⅲ
300044	IT服务Ⅲ
300045	军工电子Ⅲ
300046	分立器件
300047	垂直应用软件
300048	工控设备
300049	医疗设备
300050	通信工程及服务
300051	游戏Ⅲ
300052	游戏Ⅲ
300053	数字芯片设计
300054	电子化学品Ⅲ
300055	水务及水治理
300056	大气治理
300057	铝
300058	营销代理
300059	证券Ⅲ
300061	营销代理
300062	输变电设备
300063	营销代理
300064	磨具磨料
300065	航海装备Ⅲ
300066	仪器仪表
300067	纺织化学制品
300068	蓄电池及其他电池
300069	线缆部件及其他
300070	水务及水治理
300071	营销代理
300072	大气治理
300073	电池化学品
300074	垂直应用软件
300075	垂直应用软件
300076	面板
300077	数字芯片设计
300078	IT服务Ⅲ
300079	IT服务Ⅲ
300080	磨具磨料
300081	通信应用增值服务
300082	其他化学原料
300083	工控设备
300084	能源及重型设备
300085	垂直应用软件
300086	化学制剂
300087	种子
300088	面板
300089	培训教育
300091	其他通用设备
300092	金属制品
300093	玻璃制造
300094	水产养殖
300095	金属制品
300096	IT服务Ⅲ
300097	其他自动化设备
300098	垂直应用软件
300099	能源及重型设备
300100	车身附件及饰件
300101	军工电子Ⅲ
300102	LED
300103	其他专用设备
300105	火电设备
300106	乳品
300107	纺织化学制品
300108	中药Ⅲ
300109	其他化学制品
300110	化学制剂
300111	光伏电池组件
300112	仪器仪表
300113	游戏Ⅲ
300114	军工电子Ⅲ
300115	消费电子零部件及组装
300116	锂电池
300117	其他专业工程
300118	光伏电池组件
300119	动物保健Ⅲ
300120	面板
300121	橡胶助剂
300122	疫苗
300123	军工电子Ⅲ
300124	工控设备
300125	光伏发电
300126	其他通用设备
300127	磁性材料
300128	面板
300129	风电零部件
300130	其他计算机设备
300131	消费电子零部件及组装
300132	化妆品制造及其他
300133	影视动漫制作
300134	通信网络设备及器件
300135	其他石化
300136	消费电子零部件及组装
300137	环保设备Ⅲ
300138	其他农产品加工
300139	光伏发电
300140	环保设备Ⅲ
300141	配电设备
300142	疫苗
300143	医院
300144	人工景区
300145	其他通用设备
300146	保健品
300147	中药Ⅲ
300148	游戏Ⅲ
300149	医疗研发外包
300150	IT服务Ⅲ
300151	其他专用设备
300152	综合环境治理
300153	其他能源设备Ⅲ
300154	其他通用设备
300155	安防设备
300157	油气及炼化工程
300158	化学制剂
300159	航空装备Ⅲ
300160	家电零部件Ⅲ
300161	机床工具
300162	LED
300163	其他化学制品
300164	油气及炼化工程
300165	仪器仪表
300166	IT服务Ⅲ
300167	IT服务Ⅲ
300168	IT服务Ⅲ
300169	其他化学制品
300170	IT服务Ⅲ
300171	医疗设备
300172	水务及水治理
300173	工控设备
300174	其他化学制品
300175	果蔬加工
300176	底盘与发动机系统
300177	军工电子Ⅲ
300178	旅游综合
300179	磨具磨料
300180	其他塑料制品
300181	中药Ⅲ
300182	影视动漫制作
300183	其他通信设备
300184	其他电子Ⅲ
300185	风电零部件
300187	固废治理
300188	垂直应用软件
300189	种子
300190	综合环境治理
300191	油气及炼化工程
300192	培训教育
300193	其他通用设备
300194	化学制剂
300195	印刷包装机械
300196	玻纤制造
300197	园林工程
300198	管材
300199	化学制剂
300200	聚氨酯
300201	工程机械整机
300202	其他计算机设备
300203	综合环境治理
300204	其他生物制品
300205	通信终端及配件
300206	医疗设备
300207	锂电池
300208	综合Ⅲ
300209	垂直应用软件
300210	环保设备Ⅲ
300211	通信工程及服务
300212	IT服务Ⅲ
300213	其他通信设备
300214	其他塑料制品
300215	检测服务
300217	家电零部件Ⅲ
300218	其他塑料制品
300219	LED
300220	激光设备
300221	改性塑料
300222	电网自动化设备
300223	数字芯片设计
300224	磁性材料
300225	涂料油墨
300226	垂直应用软件
300227	激光设备
300228	金属制品
300229	垂直应用软件
300230	其他塑料制品
300231	IT服务Ⅲ
300232	LED
300233	化学制剂
300234	其他建材Ⅲ
300235	垂直应用软件
300236	电子化学品Ⅲ
300237	园林工程
300238	医疗耗材
300239	其他生物制品
300240	中间产品及消费品供应链服务
300241	LED
300242	营销代理
300243	其他塑料制品
300244	诊断服务
300245	IT服务Ⅲ
300246	医疗设备
300247	其他家电Ⅲ
300248	其他计算机设备
300249	其他计算机设备
300250	IT服务Ⅲ
300251	影视动漫制作
300252	军工电子Ⅲ
300253	垂直应用软件
300254	化学制剂
300255	化学制剂
300256	消费电子零部件及组装
300257	其他通用设备
300258	底盘与发动机系统
300259	仪器仪表
300260	金属制品
300261	农药
300262	水务及水治理
300263	其他通用设备
300264	IT服务Ⅲ
300265	线缆部件及其他
300266	水务及水治理
300267	原料药
300268	其他农产品加工
300269	营销代理
300270	安防设备
300271	IT服务Ⅲ
300272	厨房小家电
300273	医疗设备
300274	逆变器
300275	能源及重型设备
300276	机器人
300277	IT服务Ⅲ
300278	工控设备
300279	消费电子零部件及组装
300280	广告媒体
300281	其他专用设备
300282	教育运营及其他
300283	配电设备
300284	工程咨询服务Ⅲ
300285	其他化学制品
300286	电工仪器仪表
300287	IT服务Ⅲ
300288	IT服务Ⅲ
300289	体外诊断
300290	IT服务Ⅲ
300291	影视动漫制作
300292	通信应用增值服务
300293	其他专用设备
300294	血液制品
300295	门户网站
300296	LED
300297	IT服务Ⅲ
300298	医疗设备
300299	游戏Ⅲ
300300	IT服务Ⅲ
300301	LED
300302	其他计算机设备
300303	LED
300304	汽车电子电气系统
300305	膜材料
300306	仪器仪表
300307	纺织服装设备
300308	通信网络设备及器件
300309	资产管理
300310	通信工程及服务
300311	横向通用软件
300312	通信网络设备及器件
300313	其他养殖
300314	医疗设备
300315	游戏Ⅲ
300316	光伏加工设备
300317	光伏发电
300318	体外诊断
300319	被动元件
300320	其他橡胶制品
300321	聚氨酯
300322	消费电子零部件及组装
300323	LED
300324	其他计算机设备
300325	其他塑料制品
300326	医疗耗材
300327	数字芯片设计
300328	其他小金属
300329	娱乐用品
300330	其他计算机设备
300331	面板
300332	燃气Ⅲ
300333	其他计算机设备
300334	水务及水治理
300335	热力服务
300336	广告媒体
300337	铝
300338	培训教育
300339	IT服务Ⅲ
300340	电池化学品
300341	输变电设备
300342	家电零部件Ⅲ
300343	营销代理
300344	垂直应用软件
300345	磨具磨料
300346	电子化学品Ⅲ
300347	医疗研发外包
300348	垂直应用软件
300349	仪器仪表
300350	中间产品及消费品供应链服务
300351	轨交设备Ⅲ
300352	垂直应用软件
300353	其他通信设备
300354	仪器仪表
300355	园林工程
300356	电工仪器仪表
300357	其他生物制品
300358	医疗设备
300359	培训教育
300360	电工仪器仪表
300362	水务及水治理
300363	医疗研发外包
300364	大众出版
300365	垂直应用软件
300366	垂直应用软件
300367	安防设备
300368	其他计算机设备
300369	横向通用软件
300370	仪器仪表
300371	仪器仪表
300373	分立器件
300374	耐火材料
300375	底盘与发动机系统
300376	其他能源设备Ⅲ
300377	垂直应用软件
300378	横向通用软件
300379	垂直应用软件
300380	垂直应用软件
300381	原料药
300382	其他专用设备
300383	IT服务Ⅲ
300384	化学工程
300385	大气治理
300386	其他计算机设备
300387	复合肥
300388	水务及水治理
300389	LED
300390	其他电子Ⅲ
300391	底盘与发动机系统
300392	营销代理
300393	光伏电池组件
300394	通信网络设备及器件
300395	非金属材料Ⅲ
300396	体外诊断
300397	航空装备Ⅲ
300398	电子化学品Ⅲ
300399	IT服务Ⅲ
300400	其他自动化设备
300401	原料药
300402	金属制品
300403	家电零部件Ⅲ
300404	医疗研发外包
300405	其他化学制品
300406	体外诊断
300407	电网自动化设备
300408	被动元件
300409	电池化学品
300410	仪器仪表
300411	其他专用设备
300412	其他专用设备
300413	视频媒体
300414	其他通信设备
300415	其他专用设备
300416	仪器仪表
300417	仪器仪表
300418	游戏Ⅲ
300419	IT服务Ⅲ
300420	其他通用设备
300421	金属制品
300422	水务及水治理
300423	输变电设备
300424	航空装备Ⅲ
300425	水务及水治理
300426	影视动漫制作
300427	电网自动化设备
300428	轮胎轮毂
300429	电子化学品Ⅲ
300430	其他通用设备
300432	底盘与发动机系统
300433	消费电子零部件及组装
300434	化学制剂
300435	燃气Ⅲ
300436	化学制剂
300437	水务及水治理
300438	锂电池
300439	体外诊断
300440	IT服务Ⅲ
300441	其他通用设备
300442	印刷包装机械
300443	风电零部件
300444	输变电设备
300445	仪器仪表
300446	电子化学品Ⅲ
300447	军工电子Ⅲ
300448	IT服务Ⅲ
300449	安防设备
300450	锂电专用设备
300451	垂直应用软件
300452	原料药
300453	医疗耗材
300454	横向通用软件
300455	其他计算机设备
300456	集成电路制造
300457	锂电专用设备
300458	数字芯片设计
300459	游戏Ⅲ
300460	被动元件
300461	其他自动化设备
300462	其他计算机设备
300463	体外诊断
300464	跨境电商
300465	垂直应用软件
300466	电工仪器仪表
300467	游戏Ⅲ
300468	垂直应用软件
300469	垂直应用软件
300470	其他通用设备
300471	其他专用设备
300472	其他专用设备
300473	其他汽车零部件
300474	军工电子Ⅲ
300475	家电零部件Ⅲ
300476	印制电路板
300477	输变电设备
300478	改性塑料
300479	其他计算机设备
300480	能源及重型设备
300481	电子化学品Ⅲ
300482	体外诊断
300483	燃气Ⅲ
300484	工控设备
300485	其他生物制品
300486	其他自动化设备
300487	合成树脂
300488	金属制品
300489	铝
300490	电网自动化设备
300491	其他能源设备Ⅲ
300492	工程咨询服务Ⅲ
300493	其他电子Ⅲ
300494	游戏Ⅲ
300495	园林工程
300496	IT服务Ⅲ
300497	原料药
300498	生猪养殖
300499	其他专用设备
300500	工程咨询服务Ⅲ
300501	综合包装
300502	通信网络设备及器件
300503	其他通用设备
300504	通信终端及配件
300505	磷肥及磷化工
300506	装修装饰Ⅲ
300507	底盘与发动机系统
300508	其他计算机设备
300509	印刷包装机械
300510	电网自动化设备
300511	食用菌
300512	印刷包装机械
300513	通信工程及服务
300514	电工仪器仪表
300515	仪器仪表
300516	其他电子Ⅲ
300517	钢结构
300518	游戏Ⅲ
300519	中药Ⅲ
300520	垂直应用软件
300521	印刷包装机械
300522	涂料油墨
300523	IT服务Ⅲ
300525	垂直应用软件
300526	鞋帽及其他
300527	地面兵装Ⅲ
300528	院线
300529	医疗耗材
300530	其他化学制品
300531	其他计算机设备
300532	IT服务Ⅲ
300533	游戏Ⅲ
300534	中药Ⅲ
300535	其他化学制品
300536	园林工程
300537	电子化学品Ⅲ
300538	改性塑料
300539	其他塑料制品
300540	其他专用设备
300541	IT服务Ⅲ
300542	垂直应用软件
300543	消费电子零部件及组装
300545	面板
300546	其他计算机设备
300547	底盘与发动机系统
300548	通信网络设备及器件
300549	其他专用设备
300550	垂直应用软件
300551	其他计算机设备
300552	其他计算机设备
300553	仪器仪表
300554	磨具磨料
300555	通信终端及配件
300556	垂直应用软件
300557	仪器仪表
300558	化学制剂
300559	垂直应用软件
300560	通信工程及服务
300561	垂直应用软件
300562	医疗设备
300563	通信线缆及配套
300564	工程咨询服务Ⅲ
300565	通信网络设备及器件
300566	光学元件
300567	仪器仪表
300568	电池化学品
300569	风电零部件
300570	通信网络设备及器件
300571	通信应用增值服务
300572	检测服务
300573	化学制剂
300575	农药
300576	电子化学品Ⅲ
300577	鞋帽及其他
300578	通信应用增值服务
300579	垂直应用软件
300580	底盘与发动机系统
300581	航空装备Ⅲ
300582	LED
300583	原料药
300584	化学制剂
300585	底盘与发动机系统
300586	改性塑料
300587	其他橡胶制品
300588	安防设备
300589	航海装备Ⅲ
300590	通信终端及配件
300591	鞋帽及其他
300592	装修装饰Ⅲ
300593	其他能源设备Ⅲ
300594	轨交设备Ⅲ
300595	医疗耗材
300596	其他塑料制品
300597	通信工程及服务
300598	垂直应用软件
300599	管材
300600	航海装备Ⅲ
300601	疫苗
300602	消费电子零部件及组装
300603	通信应用增值服务
300604	半导体设备
300605	垂直应用软件
300606	磨具磨料
300607	机器人
300608	垂直应用软件
300609	IT服务Ⅲ
300610	其他塑料制品
300611	底盘与发动机系统
300612	营销代理
300613	数字芯片设计
300614	固废治理
300615	通信终端及配件
300616	定制家居
300617	线缆部件及其他
300618	钴
300619	锂电专用设备
300620	通信网络设备及器件
300621	装修装饰Ⅲ
300622	专业连锁Ⅲ
300623	分立器件
300624	横向通用软件
300625	照明设备Ⅲ
300626	电机Ⅲ
300627	军工电子Ⅲ
300628	通信终端及配件
300629	磨具磨料
300630	化学制剂
300631	环保设备Ⅲ
300632	LED
300633	医疗设备
300634	IT服务Ⅲ
300635	工程咨询服务Ⅲ
300636	原料药
300637	电子化学品Ⅲ
300638	通信终端及配件
300639	体外诊断
300640	其他家居用品
300641	其他化学制品
300642	体外诊断
300643	其他汽车零部件
300644	改性塑料
300645	其他计算机设备
300647	消费电子零部件及组装
300648	锂电专用设备
300649	园林工程
300650	LED
300651	体育Ⅲ
300652	轮胎轮毂
300653	医疗耗材
300654	教育出版
300655	电子化学品Ⅲ
300656	其他电子Ⅲ
300657	印制电路板
300658	生活用纸
300659	其他计算机设备
300660	电机Ⅲ
300661	模拟芯片设计
300662	人力资源服务
300663	垂直应用软件
300664	水务及水治理
300665	涂料油墨
300666	半导体材料
300667	仪器仪表
300668	工程咨询服务Ⅲ
300669	楼宇设备
300670	配电设备
300671	模拟芯片设计
300672	数字芯片设计
300673	宠物食品
300674	IT服务Ⅲ
300675	工程咨询服务Ⅲ
300676	体外诊断
300677	医疗耗材
300678	IT服务Ⅲ
300679	消费电子零部件及组装
300680	底盘与发动机系统
300681	汽车电子电气系统
300682	IT服务Ⅲ
300683	其他生物制品
300684	消费电子零部件及组装
300685	体外诊断
300686	消费电子零部件及组装
300687	IT服务Ⅲ
300688	培训教育
300689	通信终端及配件
300690	风电零部件
300691	安防设备
300692	水务及水治理
300693	其他能源设备Ⅲ
300694	底盘与发动机系统
300695	轮胎轮毂
300696	航空装备Ⅲ
300697	铜
300698	通信网络设备及器件
300699	航空装备Ⅲ
300700	磨具磨料
300701	光学元件
300702	原料药
300703	文化用品
300705	化学制剂
300706	半导体材料
300707	其他汽车零部件
300708	LED
300709	消费电子零部件及组装
300710	通信网络设备及器件
300711	其他通信设备
300712	其他专业工程
300713	其他能源设备Ⅲ
300715	防水材料
300716	改性塑料
300717	其他塑料制品
300718	工程机械器件
300719	航空装备Ⅲ
300720	仪器仪表
300721	其他化学制品
300722	航天装备Ⅲ
300723	化学制剂
300724	光伏加工设备
300725	医疗研发外包
300726	军工电子Ⅲ
300727	有机硅
300729	其他家居用品
300730	垂直应用软件
300731	其他橡胶制品
300732	工程咨询服务Ⅲ
300733	底盘与发动机系统
300735	消费电子零部件及组装
300736	其他电子Ⅲ
300737	防水材料
300738	IT服务Ⅲ
300739	印制电路板
300740	品牌化妆品
300741	食品及饲料添加剂
300742	底盘与发动机系统
300743	其他计算机设备
300745	其他汽车零部件
300746	工程咨询服务Ⅲ
300747	激光设备
300748	磁性材料
300749	定制家居
300750	锂电池
300751	光伏加工设备
300752	LED
300753	医疗设备
300755	专业连锁Ⅲ
300756	娱乐用品
300757	其他自动化设备
300758	涂料油墨
300759	医疗研发外包
300760	医疗设备
300761	肉鸡养殖
300762	军工电子Ⅲ
300763	逆变器
300765	原料药
300766	营销代理
300767	其他橡胶制品
300768	横向通用软件
300769	电池化学品
300770	电视广播Ⅲ
300771	其他计算机设备
300772	风电整机
300773	金融信息服务
300775	航空装备Ⅲ
300776	光伏加工设备
300777	航空装备Ⅲ
300778	工程咨询服务Ⅲ
300779	固废治理
300780	金属制品
300781	营销代理
300782	模拟芯片设计
300783	零食
300785	门户网站
300786	环保设备Ⅲ
300787	消费电子零部件及组装
300788	大众出版
300789	其他计算机设备
300790	安防设备
300791	保健品
300792	电商服务
300793	消费电子零部件及组装
300795	会展服务
300796	农药
300797	综合Ⅲ
300798	纺织化学制品
300799	横向通用软件
300800	环保设备Ⅲ
300801	其他化学制品
300802	其他自动化设备
300803	垂直应用软件
300805	营销代理
300806	膜材料
300807	其他计算机设备
300808	LED
300809	机床工具
300810	航海装备Ⅲ
300811	磁性材料
300812	半导体设备
300813	其他专用设备
300815	固废治理
300816	其他汽车零部件
300817	金属制品
300818	磨具磨料
300819	其他纺织
300820	其他能源设备Ⅲ
300821	有机硅
300822	消费电子零部件及组装
300823	其他专用设备
300824	厨房小家电
300825	汽车综合服务
300826	工程咨询服务Ⅲ
300827	逆变器
300828	金属制品
300829	食品及饲料添加剂
300830	垂直应用软件
300831	分立器件
300832	体外诊断
300833	其他专用设备
300835	磁性材料
300836	其他专用设备
300837	能源及重型设备
300838	金属制品
300839	其他石化
300840	非运动服装
300841	疫苗
300842	光伏辅材
300843	消费电子零部件及组装
300845	其他计算机设备
300846	IT服务Ⅲ
300847	其他化学制品
300848	聚氨酯
300849	化妆品制造及其他
300850	风电零部件
300851	轨交设备Ⅲ
300852	印制电路板
300853	机器人
300855	其他金属新材料
300856	化妆品制造及其他
300857	消费电子零部件及组装
300858	食品及饲料添加剂
300859	自然景区
300860	会展服务
300861	磨具磨料
300862	仪器仪表
300863	汽车电子电气系统
300864	综合环境治理
300865	能源及重型设备
300866	品牌消费电子
300867	固废治理
300868	其他电子Ⅲ
300869	医疗设备
300870	其他能源设备Ⅲ
300871	动物保健Ⅲ
300872	IT服务Ⅲ
300873	中间产品及消费品供应链服务
300875	地面兵装Ⅲ
300876	其他化学纤维
300877	其他纺织
300878	中药Ⅲ
300879	其他专用设备
300880	电工仪器仪表
300881	特钢Ⅲ
300882	电工仪器仪表
300883	纸包装
300884	安防设备
300885	金属制品
300886	化妆品制造及其他
300887	检测服务
300888	生活用纸
300889	LED
300890	电池化学品
300891	钛白粉
300892	贸易Ⅲ
300893	其他汽车零部件
300894	厨房电器
300895	IT服务Ⅲ
300896	医美耗材
300897	仪器仪表
300898	乳品
300899	水务及水治理
300900	航空装备Ⅲ
300901	非运动服装
300902	其他专用设备
300903	印制电路板
300905	纺织化学制品
300906	仪器仪表
300907	电机Ⅲ
300908	调味发酵品Ⅲ
300909	面板
300910	其他化学制品
300911	厨房电器
300912	其他汽车零部件
300913	通信线缆及配套
300915	乳品
300916	消费电子零部件及组装
300917	物业管理
300918	其他纺织
300919	电池化学品
300920	其他塑料制品
300921	通信应用增值服务
300922	地面兵装Ⅲ
300923	轨交设备Ⅲ
300925	垂直应用软件
300926	其他汽车零部件
300927	其他化学原料
300928	汽车电子电气系统
300929	水务及水治理
300930	其他金属新材料
300931	楼宇设备
300932	配电设备
300933	线缆部件及其他
300935	垂直应用软件
300936	印制电路板
300937	医药流通
300938	检测服务
300939	面板
300940	LED
300941	其他计算机设备
300942	体外诊断
300943	金属制品
300945	钟表珠宝
300946	金属制品
300947	商业物业经营
300948	园林工程
300949	园林工程
300950	能源及重型设备
300951	消费电子零部件及组装
300952	鞋帽及其他
300953	金属制品
300955	化妆品制造及其他
300956	消费电子零部件及组装
300957	品牌化妆品
300958	综合环境治理
300959	通信应用增值服务
300960	轨交设备Ⅲ
300961	水务及水治理
300962	其他专业服务
300963	其他金属新材料
300965	航空装备Ⅲ
300966	原料药
300967	肉鸡养殖
300968	消费电子零部件及组装
300969	车身附件及饰件
300970	食用菌
300971	其他专用设备
300972	食用菌
300973	烘焙食品
300975	其他电子Ⅲ
300976	消费电子零部件及组装
300977	工程咨询服务Ⅲ
300978	车身附件及饰件
300979	纺织鞋类制造
300980	其他塑料制品
300981	医疗耗材
300982	基建市政工程
300983	工程咨询服务Ⅲ
300984	其他通用设备
300985	金属制品
300986	铝
300987	门户网站
300988	其他专用设备
300989	工程咨询服务Ⅲ
300990	制冷空调设备
300991	其他电子Ⅲ
300992	其他通用设备
300993	其他家居用品
300995	改性塑料
300996	垂直应用软件
300997	软饮料
300998	其他汽车零部件
300999	粮油加工
301000	其他汽车零部件
301001	电商服务
301002	输变电设备
301003	改性塑料
301004	其他家居用品
301005	其他汽车零部件
301006	仪器仪表
301007	底盘与发动机系统
301008	家电零部件Ⅲ
301009	生活用纸
301010	其他建材Ⅲ
301011	其他专用设备
301012	输变电设备
301013	其他专用设备
301015	医药流通
301016	轨交设备Ⅲ
301017	线下药店
301018	制冷空调设备
301019	其他塑料制品
301020	底盘与发动机系统
301021	激光设备
301022	其他汽车零部件
301023	电机Ⅲ
301024	工程咨询服务Ⅲ
301025	大众出版
301026	其他小金属
301027	工程咨询服务Ⅲ
301028	其他通用设备
301029	其他自动化设备
301030	环保设备Ⅲ
301031	其他电子Ⅲ
301032	其他通用设备
301033	医疗耗材
301035	农药
301036	涂料油墨
301037	涂料油墨
301039	商用载货车
600000	股份制银行Ⅲ
600004	机场
600006	商用载货车
600007	商业地产
600008	水务及水治理
600009	机场
600010	板材
600011	火力发电
600012	高速公路
600015	股份制银行Ⅲ
600016	股份制银行Ⅲ
600017	港口
600018	港口
600019	板材
600020	高速公路
600021	火力发电
600022	板材
600023	火力发电
600025	水力发电
600026	航运
600027	火力发电
600028	炼油化工
600029	航空运输
600030	证券Ⅲ
600031	工程机械整机
600032	光伏发电
600033	高速公路
600035	高速公路
600036	股份制银行Ⅲ
600037	电视广播Ⅲ
600038	航空装备Ⅲ
600039	基建市政工程
600048	住宅开发
600050	电信运营商
600051	综合Ⅲ
600052	影视动漫制作
600053	资产管理
600054	自然景区
600055	医疗设备
600056	医药流通
600057	原材料供应链服务
600058	贸易Ⅲ
600059	其他酒类
600060	彩电
600061	金融控股
600062	化学制剂
600063	其他化学纤维
600064	住宅开发
600066	商用载客车
600067	住宅开发
600068	基建市政工程
600070	综合Ⅲ
600071	光学元件
600072	航海装备Ⅲ
600073	肉制品
600075	氯碱
600076	瓷砖地板
600077	住宅开发
600078	磷肥及磷化工
600079	化学制剂
600080	中药Ⅲ
600081	车身附件及饰件
600082	产业地产
600083	综合Ⅲ
600084	其他酒类
600085	中药Ⅲ
600086	钟表珠宝
600088	营销代理
600089	输变电设备
600090	医药流通
600091	氯碱
600093	其他多元金融
600094	住宅开发
600095	证券Ⅲ
600096	磷肥及磷化工
600097	海洋捕捞
600098	火力发电
600099	其他运输设备
600100	其他计算机设备
600101	电能综合服务
600103	特种纸
600104	综合乘用车
600105	通信线缆及配套
600106	高速公路
600107	非运动服装
600108	其他种植业
600109	证券Ⅲ
600110	铜
600111	稀土
600112	输变电设备
600113	商业物业经营
600114	金属制品
600115	航空运输
600116	电能综合服务
600117	特钢Ⅲ
600118	航天装备Ⅲ
600119	跨境物流
600120	金融控股
600121	动力煤
600122	专业连锁Ⅲ
600123	焦煤
600125	铁路运输
600126	板材
600127	粮油加工
600128	贸易Ⅲ
600129	中药Ⅲ
600130	消费电子零部件及组装
600131	IT服务Ⅲ
600132	啤酒
600133	基建市政工程
600135	膜材料
600136	体育Ⅲ
600137	鞋帽及其他
600138	人工景区
600139	租赁
600141	磷肥及磷化工
600143	改性塑料
600145	贸易Ⅲ
600146	非运动服装
600148	底盘与发动机系统
600149	热力服务
600150	航海装备Ⅲ
600151	光伏电池组件
600152	锂电池
600153	原材料供应链服务
600155	证券Ⅲ
600156	其他纺织
600157	焦煤
600158	体育Ⅲ
600159	住宅开发
600160	氟化工
600161	血液制品
600162	住宅开发
600163	风力发电
600165	其他化学制品
600166	商用载货车
600167	热力服务
600168	水务及水治理
600169	能源及重型设备
600170	房屋建设Ⅲ
600171	模拟芯片设计
600172	磨具磨料
600173	住宅开发
600176	玻纤制造
600177	非运动服装
600178	底盘与发动机系统
600179	公路货运
600180	原材料供应链服务
600182	轮胎轮毂
600183	印制电路板
600184	地面兵装Ⅲ
600185	住宅开发
600186	调味发酵品Ⅲ
600187	水务及水治理
600188	动力煤
600189	软饮料
600190	港口
600191	其他农产品加工
600192	输变电设备
600193	装修装饰Ⅲ
600195	动物保健Ⅲ
600196	化学制剂
600197	白酒Ⅲ
600198	数字芯片设计
600199	白酒Ⅲ
600200	化学制剂
600201	动物保健Ⅲ
600202	火电设备
600203	消费电子零部件及组装
600206	半导体材料
600207	光伏辅材
600208	住宅开发
600209	装修装饰Ⅲ
600210	塑料包装
600211	中药Ⅲ
600212	综合Ⅲ
600213	商用载客车
600215	住宅开发
600216	原料药
600217	固废治理
600218	底盘与发动机系统
600219	铝
600220	其他纺织
600221	航空运输
600222	中药Ⅲ
600223	住宅开发
600225	住宅开发
600226	游戏Ⅲ
600227	化学制剂
600228	其他化学制品
600229	大众出版
600230	聚氨酯
600231	长材
600232	纺织服装设备
600233	快递
600234	综合Ⅲ
600235	特种纸
600236	水力发电
600237	被动元件
600238	其他酒类
600239	住宅开发
600241	蓄电池及其他电池
600242	营销代理
600243	其他通用设备
600246	住宅开发
600247	商业物业经营
600248	房屋建设Ⅲ
600249	洗护用品
600250	贸易Ⅲ
600251	果蔬加工
600252	中药Ⅲ
600255	其他金属新材料
600256	油品石化贸易
600257	水产养殖
600258	酒店
600259	稀土
600260	其他通信设备
600261	照明设备Ⅲ
600262	能源及重型设备
600265	林业Ⅲ
600266	住宅开发
600267	原料药
600268	电网自动化设备
600269	高速公路
600271	IT服务Ⅲ
600272	医药流通
600273	其他化学制品
600275	水产养殖
600276	化学制剂
600277	氯碱
600278	贸易Ⅲ
600279	港口
600280	百货
600281	其他小金属
600282	板材
600283	水务及水治理
600284	基建市政工程
600285	中药Ⅲ
600287	贸易Ⅲ
600288	其他电子Ⅲ
600289	通信工程及服务
600290	配电设备
600291	保险Ⅲ
600292	大气治理
600293	玻璃制造
600295	冶钢辅料
600297	汽车经销商
600298	调味发酵品Ⅲ
600299	食品及饲料添加剂
600300	软饮料
600301	贸易Ⅲ
600302	纺织服装设备
600303	商用载客车
600305	调味发酵品Ⅲ
600306	百货
600307	板材
600308	大宗用纸
600309	聚氨酯
600310	电能综合服务
600311	黄金
600312	输变电设备
600313	种子
600315	品牌化妆品
600316	航空装备Ⅲ
600318	金融控股
600319	氯碱
600320	能源及重型设备
600321	其他建材Ⅲ
600322	住宅开发
600323	固废治理
600325	住宅开发
600326	水泥制造
600327	汽车经销商
600328	无机盐
600329	中药Ⅲ
600330	其他专用设备
600331	铅锌
600332	中药Ⅲ
600333	燃气Ⅲ
600335	汽车经销商
600336	冰洗
600337	成品家居
600338	铅锌
600339	油气及炼化工程
600340	产业地产
600343	航天装备Ⅲ
600345	其他通信设备
600346	炼油化工
600348	焦煤
600350	高速公路
600351	中药Ⅲ
600352	纺织化学制品
600353	其他电子Ⅲ
600354	种子
600355	通信终端及配件
600356	特种纸
600358	营销代理
600359	其他种植业
600360	分立器件
600361	超市
600362	铜
600363	LED
600365	其他酒类
600366	磁性材料
600367	无机盐
600368	高速公路
600369	证券Ⅲ
600370	印染
600371	种子
600372	航空装备Ⅲ
600373	大众出版
600375	工程机械整机
600376	住宅开发
600377	高速公路
600378	氟化工
600379	输变电设备
600380	化学制剂
600381	保健品
600382	综合Ⅲ
600383	住宅开发
600385	化学制剂
600386	汽车经销商
600387	油品石化贸易
600388	大气治理
600389	农药
600390	金融控股
600391	航空装备Ⅲ
600392	稀土
600393	住宅开发
600395	焦煤
600396	火力发电
600397	动力煤
600398	非运动服装
600399	特钢Ⅲ
600400	非运动服装
600403	动力煤
600405	其他能源设备Ⅲ
600406	电网自动化设备
600408	焦炭Ⅲ
600409	粘胶
600410	IT服务Ⅲ
600415	商业物业经营
600416	风电整机
600418	商用载货车
600419	乳品
600420	化学制剂
600421	金属制品
600422	中药Ⅲ
600423	氮肥
600425	水泥制造
600426	煤化工
600428	航运
600429	乳品
600433	特种纸
600435	地面兵装Ⅲ
600436	中药Ⅲ
600438	硅料硅片
600439	其他饰品
600444	其他专用设备
600446	IT服务Ⅲ
600448	印染
600449	水泥制造
600452	电能综合服务
600455	垂直应用软件
600456	其他小金属
600458	风电零部件
600459	其他小金属
600460	分立器件
600461	水务及水治理
600462	通信终端及配件
600463	产业地产
600466	住宅开发
600467	水产养殖
600468	配电设备
600469	轮胎轮毂
600470	磷肥及磷化工
600475	综合电力设备商
600476	IT服务Ⅲ
600477	钢结构
600478	锂电池
600479	中药Ⅲ
600480	其他汽车零部件
600481	制冷空调设备
600482	航海装备Ⅲ
600483	电能综合服务
600485	通信工程及服务
600486	农药
600487	通信线缆及配套
600488	化学制剂
600489	黄金
600490	铜
600491	房屋建设Ⅲ
600493	棉纺
600495	轨交设备Ⅲ
600496	钢结构
600497	铅锌
600498	通信网络设备及器件
600499	其他专用设备
600500	其他化学制品
600501	其他专用设备
600502	房屋建设Ⅲ
600503	住宅开发
600505	电能综合服务
600506	其他种植业
600507	特钢Ⅲ
600508	焦煤
600509	火力发电
600510	住宅开发
600511	医药流通
600512	基建市政工程
600513	化学制剂
600515	住宅开发
600516	冶钢辅料
600517	输变电设备
600518	中药Ⅲ
600519	白酒Ⅲ
600520	其他专用设备
600521	化学制剂
600522	通信线缆及配套
600523	其他汽车零部件
600525	输变电设备
600526	环保设备Ⅲ
600527	其他纺织
600528	轨交设备Ⅲ
600529	医疗耗材
600530	保健品
600531	铅锌
600532	动力煤
600533	住宅开发
600535	中药Ⅲ
600536	IT服务Ⅲ
600537	光伏电池组件
600538	医药流通
600539	综合Ⅲ
600540	其他种植业
600543	其他酒类
600545	纺织服装设备
600546	动力煤
600547	黄金
600548	高速公路
600549	钨
600550	输变电设备
600551	大众出版
600552	面板
600555	旅游综合
600556	营销代理
600557	中药Ⅲ
600558	金属制品
600559	白酒Ⅲ
600560	能源及重型设备
600561	公交
600562	军工电子Ⅲ
600563	被动元件
600565	住宅开发
600566	中药Ⅲ
600567	大宗用纸
600568	医院
600569	板材
600570	垂直应用软件
600571	IT服务Ⅲ
600572	中药Ⅲ
600573	啤酒
600575	铁路运输
600576	影视动漫制作
600577	线缆部件及其他
600578	火力发电
600579	其他专用设备
600580	电机Ⅲ
600581	板材
600582	能源及重型设备
600583	油气及炼化工程
600584	集成电路封测
600585	水泥制造
600586	玻璃制造
600587	医疗设备
600588	横向通用软件
600589	其他塑料制品
600590	电网自动化设备
600592	金属制品
600593	人工景区
600594	中药Ⅲ
600595	铝
600596	有机硅
600597	乳品
600598	粮食种植
600599	金融控股
600600	啤酒
600601	印制电路板
600602	垂直应用软件
600603	住宅开发
600604	产业地产
600605	商业物业经营
600606	住宅开发
600608	贸易Ⅲ
600609	车身附件及饰件
600610	其他化学原料
600611	公交
600612	钟表珠宝
600613	化学制剂
600614	其他小金属
600615	其他小金属
600616	其他酒类
600617	燃气Ⅲ
600618	氯碱
600619	家电零部件Ⅲ
600620	综合Ⅲ
600621	证券Ⅲ
600622	住宅开发
600623	煤化工
600624	化学制剂
600626	车身附件及饰件
600628	百货
600629	工程咨询服务Ⅲ
600630	非运动服装
600633	游戏Ⅲ
600634	游戏Ⅲ
600635	燃气Ⅲ
600636	教育运营及其他
600637	电视广播Ⅲ
600638	住宅开发
600639	产业地产
600640	视频媒体
600641	住宅开发
600642	火力发电
600643	金融控股
600644	电能综合服务
600645	体外诊断
600647	综合Ⅲ
600648	产业地产
600649	住宅开发
600650	公交
600651	LED
600652	游戏Ⅲ
600653	汽车经销商
600654	垂直应用软件
600655	商业物业经营
600657	住宅开发
600658	产业地产
600660	车身附件及饰件
600661	培训教育
600662	公交
600663	商业地产
600664	化学制剂
600665	住宅开发
600666	面板
600667	集成电路封测
600668	综合Ⅲ
600671	中药Ⅲ
600673	化学制剂
600674	水力发电
600675	住宅开发
600676	综合Ⅲ
600678	水泥制造
600679	其他运输设备
600681	燃气Ⅲ
600682	其他生物制品
600683	住宅开发
600684	住宅开发
600685	航海装备Ⅲ
600686	商用载客车
600688	炼油化工
600689	其他纺织
600690	冰洗
600691	氮肥
600692	住宅开发
600693	百货
600694	多业态零售
600695	资产管理
600696	综合Ⅲ
600697	多业态零售
600698	底盘与发动机系统
600699	汽车电子电气系统
600702	白酒Ⅲ
600703	LED
600704	原材料供应链服务
600705	金融控股
600706	人工景区
600707	面板
600708	住宅开发
600710	贸易Ⅲ
600711	钴
600712	百货
600713	医药流通
600714	无机盐
600715	游戏Ⅲ
600716	住宅开发
600717	港口
600718	IT服务Ⅲ
600719	热力服务
600720	水泥制造
600721	医疗研发外包
600722	氯碱
600723	百货
600724	水泥制造
600725	焦炭Ⅲ
600726	火力发电
600727	钛白粉
600728	IT服务Ⅲ
600729	多业态零售
600730	培训教育
600731	农药
600732	光伏电池组件
600733	综合乘用车
600734	通信终端及配件
600735	其他饰品
600736	住宅开发
600737	其他农产品加工
600738	百货
600739	疫苗
600740	焦炭Ⅲ
600741	车身附件及饰件
600742	车身附件及饰件
600743	住宅开发
600744	火力发电
600745	消费电子零部件及组装
600746	煤化工
600748	住宅开发
600749	自然景区
600750	中药Ⅲ
600751	其他电子Ⅲ
600753	原材料供应链服务
600754	酒店
600755	原材料供应链服务
600756	IT服务Ⅲ
600757	教育出版
600758	焦煤
600759	油气开采Ⅲ
600760	航空装备Ⅲ
600761	工程机械整机
600763	医院
600764	航海装备Ⅲ
600765	航空装备Ⅲ
600766	黄金
600767	医药流通
600768	铝
600769	水务及水治理
600770	综合Ⅲ
600771	中药Ⅲ
600773	住宅开发
600774	多业态零售
600775	通信终端及配件
600776	其他通信设备
600777	油气开采Ⅲ
600778	多业态零售
600779	白酒Ⅲ
600780	火力发电
600781	化学制剂
600782	板材
600783	综合Ⅲ
600784	综合Ⅲ
600785	多业态零售
600787	仓储物流
600789	化学制剂
600790	商业物业经营
600791	住宅开发
600792	焦炭Ⅲ
600793	特种纸
600794	仓储物流
600795	火力发电
600796	农药
600797	IT服务Ⅲ
600798	航运
600800	其他石化
600801	水泥制造
600802	水泥制造
600803	燃气Ⅲ
600804	电信运营商
600805	综合Ⅲ
600807	住宅开发
600808	板材
600809	白酒Ⅲ
600810	锦纶
600811	综合Ⅲ
600812	化学制剂
600814	百货
600815	工程机械整机
600816	信托
600817	工程机械整机
600818	摩托车
600819	玻璃制造
600820	基建市政工程
600821	百货
600822	汽车经销商
600823	住宅开发
600824	多业态零售
600825	大众出版
600826	会展服务
600827	多业态零售
600828	百货
600829	医药流通
600830	金融控股
600831	电视广播Ⅲ
600833	线下药店
600834	公交
600835	楼宇设备
600836	印刷
600837	证券Ⅲ
600838	多业态零售
600839	彩电
600841	底盘与发动机系统
600843	纺织服装设备
600844	煤化工
600845	IT服务Ⅲ
600846	住宅开发
600847	蓄电池及其他电池
600848	产业地产
600850	IT服务Ⅲ
600851	化学制剂
600853	基建市政工程
600854	空调
600855	其他计算机设备
600856	油气开采Ⅲ
600857	百货
600858	多业态零售
600859	百货
600860	金属制品
600861	多业态零售
600862	航空装备Ⅲ
600863	火力发电
600864	证券Ⅲ
600865	百货
600866	食品及饲料添加剂
600867	其他生物制品
600868	水力发电
600869	线缆部件及其他
600870	贸易Ⅲ
600871	油田服务
600872	调味发酵品Ⅲ
600873	调味发酵品Ⅲ
600874	水务及水治理
600875	综合电力设备商
600876	玻璃制造
600877	锂电池
600879	航天装备Ⅲ
600880	学历教育
600881	综合Ⅲ
600882	乳品
600883	水泥制造
600884	电池化学品
600885	电网自动化设备
600886	水力发电
600887	乳品
600888	铝
600889	粘胶
600890	商业地产
600892	游戏Ⅲ
600893	航空装备Ⅲ
600894	楼宇设备
600895	产业地产
600896	医院
600897	机场
600898	消费电子零部件及组装
600900	水力发电
600901	租赁
600903	燃气Ⅲ
600905	风力发电
600906	证券Ⅲ
600908	农商行Ⅲ
600909	证券Ⅲ
600916	钟表珠宝
600917	燃气Ⅲ
600918	证券Ⅲ
600919	城商行Ⅲ
600926	城商行Ⅲ
600928	城商行Ⅲ
600929	无机盐
600933	底盘与发动机系统
600936	电视广播Ⅲ
600939	房屋建设Ⅲ
600956	风力发电
600958	证券Ⅲ
600959	电视广播Ⅲ
600960	底盘与发动机系统
600961	铅锌
600962	果蔬加工
600963	大宗用纸
600965	其他养殖
600966	大宗用纸
600967	地面兵装Ⅲ
600968	油田服务
600969	电能综合服务
600970	国际工程
600971	动力煤
600973	线缆部件及其他
600975	生猪养殖
600976	中药Ⅲ
600977	影视动漫制作
600978	成品家居
600979	电能综合服务
600980	磁性材料
600981	贸易Ⅲ
600982	热力服务
600983	冰洗
600984	工程机械整机
600985	焦煤
600986	营销代理
600987	印染
600988	黄金
600989	煤化工
600990	军工电子Ⅲ
600992	金属制品
600993	中药Ⅲ
600995	电能综合服务
600996	电视广播Ⅲ
600997	焦炭Ⅲ
600998	医药流通
600999	证券Ⅲ
601000	港口
601001	动力煤
601002	金属制品
601003	板材
601005	板材
601006	铁路运输
601007	酒店
601008	港口
601009	城商行Ⅲ
601010	多业态零售
601011	焦炭Ⅲ
601012	硅料硅片
601015	焦炭Ⅲ
601016	风力发电
601018	港口
601019	教育出版
601020	黄金
601021	航空运输
601028	原材料供应链服务
601038	农用机械
601058	轮胎轮毂
601066	证券Ⅲ
601068	其他专业工程
601069	黄金
601077	农商行Ⅲ
601086	百货
601088	动力煤
601098	教育出版
601099	证券Ⅲ
601100	工程机械器件
601101	动力煤
601106	能源及重型设备
601107	高速公路
601108	证券Ⅲ
601111	航空运输
601113	跨境电商
601116	超市
601117	化学工程
601118	其他种植业
601126	电网自动化设备
601127	综合乘用车
601128	农商行Ⅲ
601137	其他金属新材料
601138	消费电子零部件及组装
601139	燃气Ⅲ
601155	商业地产
601156	跨境物流
601158	水务及水治理
601162	证券Ⅲ
601163	轮胎轮毂
601166	股份制银行Ⅲ
601168	铜
601169	城商行Ⅲ
601177	金属制品
601179	输变电设备
601186	基建市政工程
601187	城商行Ⅲ
601188	高速公路
601198	证券Ⅲ
601199	水务及水治理
601200	固废治理
601208	膜材料
601211	证券Ⅲ
601212	白银
601216	氯碱
601218	风电零部件
601222	光伏发电
601225	动力煤
601226	其他专业工程
601228	港口
601229	城商行Ⅲ
601231	消费电子零部件及组装
601233	其他石化
601236	证券Ⅲ
601238	综合乘用车
601258	汽车经销商
601268	能源及重型设备
601279	其他汽车零部件
601288	国有大型银行Ⅲ
601298	港口
601311	蓄电池及其他电池
601318	保险Ⅲ
601319	保险Ⅲ
601326	港口
601328	国有大型银行Ⅲ
601330	固废治理
601333	铁路运输
601336	保险Ⅲ
601339	棉纺
601360	横向通用软件
601366	多业态零售
601368	水务及水治理
601369	其他通用设备
601375	证券Ⅲ
601377	证券Ⅲ
601388	铝
601390	基建市政工程
601398	国有大型银行Ⅲ
601399	能源及重型设备
601456	证券Ⅲ
601500	轮胎轮毂
601512	产业地产
601515	纸包装
601518	高速公路
601519	垂直应用软件
601528	农商行Ⅲ
601555	证券Ⅲ
601566	非运动服装
601567	电工仪器仪表
601568	氯碱
601577	城商行Ⅲ
601579	其他酒类
601588	住宅开发
601595	影视动漫制作
601598	跨境物流
601599	其他纺织
601600	铝
601601	保险Ⅲ
601606	地面兵装Ⅲ
601607	医药流通
601608	能源及重型设备
601609	铜
601611	基建市政工程
601615	风电整机
601616	配电设备
601618	其他专业工程
601619	风力发电
601628	保险Ⅲ
601633	综合乘用车
601636	玻璃制造
601658	国有大型银行Ⅲ
601665	城商行Ⅲ
601666	焦煤
601668	房屋建设Ⅲ
601669	基建市政工程
601677	铝
601678	氯碱
601686	钢铁管材
601688	证券Ⅲ
601689	底盘与发动机系统
601696	证券Ⅲ
601698	航天装备Ⅲ
601699	焦煤
601700	线缆部件及其他
601702	铝
601717	能源及重型设备
601718	非运动服装
601727	综合电力设备商
601766	轨交设备Ⅲ
601777	摩托车
601778	光伏发电
601788	证券Ⅲ
601789	房屋建设Ⅲ
601798	能源及重型设备
601799	汽车电子电气系统
601800	基建市政工程
601801	大众出版
601808	油田服务
601811	教育出版
601816	铁路运输
601818	股份制银行Ⅲ
601827	固废治理
601828	商业物业经营
601838	城商行Ⅲ
601857	炼油化工
601858	大众出版
601860	农商行Ⅲ
601865	光伏辅材
601866	航运
601869	通信线缆及配套
601872	航运
601877	配电设备
601878	证券Ⅲ
601880	港口
601881	证券Ⅲ
601882	机床工具
601886	装修装饰Ⅲ
601888	旅游零售Ⅲ
601890	航海装备Ⅲ
601898	动力煤
601899	铜
601900	教育出版
601901	证券Ⅲ
601908	光伏发电
601916	股份制银行Ⅲ
601918	动力煤
601919	航运
601921	教育出版
601928	教育出版
601929	电视广播Ⅲ
601933	超市
601939	国有大型银行Ⅲ
601949	大众出版
601952	粮食种植
601956	家电零部件Ⅲ
601958	钼
601963	城商行Ⅲ
601965	汽车综合服务
601966	轮胎轮毂
601968	金属包装
601969	铁矿石
601975	航运
601985	核力发电
601988	国有大型银行Ⅲ
601989	航海装备Ⅲ
601990	证券Ⅲ
601991	火力发电
601992	水泥制造
601995	证券Ⅲ
601996	瓷砖地板
601997	城商行Ⅲ
601998	股份制银行Ⅲ
601999	大众出版
603000	门户网站
603001	鞋帽及其他
603002	其他塑料制品
603003	IT服务Ⅲ
603005	集成电路封测
603006	其他汽车零部件
603007	园林工程
603008	成品家居
603009	底盘与发动机系统
603010	其他塑料制品
603011	其他专用设备
603012	能源及重型设备
603013	底盘与发动机系统
603015	工控设备
603016	配电设备
603017	工程咨询服务Ⅲ
603018	工程咨询服务Ⅲ
603019	其他计算机设备
603020	食品及饲料添加剂
603021	其他家居用品
603022	综合包装
603023	汽车电子电气系统
603025	工控设备
603026	电池化学品
603027	调味发酵品Ⅲ
603028	金属制品
603029	其他专用设备
603030	装修装饰Ⅲ
603031	超市
603032	公交
603033	其他橡胶制品
603035	车身附件及饰件
603036	能源及重型设备
603037	底盘与发动机系统
603038	其他建材Ⅲ
603039	横向通用软件
603040	底盘与发动机系统
603041	聚氨酯
603042	通信线缆及配套
603043	烘焙食品
603045	其他金属新材料
603050	电网自动化设备
603053	燃气Ⅲ
603055	其他纺织
603056	公路货运
603058	纸包装
603059	洗护用品
603060	检测服务
603063	风电零部件
603066	快递
603067	无机盐
603068	模拟芯片设计
603069	公交
603076	其他专用设备
603077	纯碱
603078	电子化学品Ⅲ
603079	原料药
603080	燃气Ⅲ
603081	装修装饰Ⅲ
603083	通信终端及配件
603085	车身附件及饰件
603086	农药
603087	其他生物制品
603088	机床工具
603089	底盘与发动机系统
603090	其他通用设备
603093	期货
603095	纺织服装设备
603096	大众出版
603098	钢结构
603099	自然景区
603100	仪器仪表
603101	百货
603103	院线
603105	光伏发电
603106	其他计算机设备
603108	诊断服务
603109	其他汽车零部件
603110	涂料油墨
603111	轨交设备Ⅲ
603112	家电零部件Ⅲ
603113	焦炭Ⅲ
603115	铝
603116	鞋帽及其他
603117	跨境物流
603118	通信终端及配件
603121	底盘与发动机系统
603123	百货
603126	固废治理
603127	医疗研发外包
603128	跨境物流
603129	摩托车
603131	其他通用设备
603133	消费电子零部件及组装
603136	人工景区
603138	IT服务Ⅲ
603139	中药Ⅲ
603155	有机硅
603156	软饮料
603157	非运动服装
603158	底盘与发动机系统
603159	其他专用设备
603160	模拟芯片设计
603161	底盘与发动机系统
603165	大宗用纸
603166	底盘与发动机系统
603167	航运
603168	化学制剂
603169	能源及重型设备
603171	IT服务Ⅲ
603177	大气治理
603178	底盘与发动机系统
603179	汽车电子电气系统
603180	定制家居
603181	其他塑料制品
603183	检测服务
603185	光伏加工设备
603186	印制电路板
603187	制冷空调设备
603188	纺织化学制品
603189	垂直应用软件
603192	聚氨酯
603195	其他家居用品
603196	非运动服装
603197	其他汽车零部件
603198	白酒Ⅲ
603199	自然景区
603200	水务及水治理
603203	工控设备
603208	定制家居
603212	光伏辅材
603214	专业连锁Ⅲ
603217	其他化学制品
603218	风电零部件
603220	通信工程及服务
603221	瓷砖地板
603222	医疗耗材
603223	公路货运
603225	涤纶
603226	瓷砖地板
603227	民爆制品
603228	印制电路板
603229	原料药
603232	垂直应用软件
603233	线下药店
603236	通信终端及配件
603238	生活用纸
603239	其他汽车零部件
603256	玻纤制造
603258	游戏Ⅲ
603259	医疗研发外包
603260	非金属材料Ⅲ
603266	其他塑料制品
603267	军工电子Ⅲ
603268	其他家居用品
603269	其他通用设备
603277	制冷空调设备
603278	金属制品
603279	环保设备Ⅲ
603283	工控设备
603286	底盘与发动机系统
603288	调味发酵品Ⅲ
603289	其他专用设备
603290	分立器件
603297	光学元件
603298	工程机械整机
603299	无机盐
603300	租赁
603301	医疗耗材
603303	照明设备Ⅲ
603305	底盘与发动机系统
603306	车身附件及饰件
603308	金属制品
603309	医疗耗材
603311	家电零部件Ⅲ
603313	成品家居
603315	金属制品
603316	园林工程
603317	调味发酵品Ⅲ
603318	燃气Ⅲ
603319	底盘与发动机系统
603320	电机Ⅲ
603321	楼宇设备
603322	通信工程及服务
603323	农商行Ⅲ
603324	环保设备Ⅲ
603326	定制家居
603327	消费电子零部件及组装
603328	印制电路板
603329	原材料供应链服务
603330	其他塑料制品
603331	其他通用设备
603332	涤纶
603333	线缆部件及其他
603335	轮胎轮毂
603336	其他种植业
603337	纺织服装设备
603338	工程机械整机
603339	制冷空调设备
603345	预加工食品
603348	其他汽车零部件
603351	原料药
603353	油品石化贸易
603355	清洁小家电
603356	楼宇设备
603357	工程咨询服务Ⅲ
603358	其他汽车零部件
603359	园林工程
603360	农药
603363	畜禽饲料
603365	家纺
603366	卫浴电器
603367	化学制剂
603368	医药流通
603369	白酒Ⅲ
603377	培训教育
603378	涂料
603379	氟化工
603380	消费电子零部件及组装
603383	垂直应用软件
603385	卫浴制品
603386	印制电路板
603387	体外诊断
603388	园林工程
603389	成品家居
603390	汽车电子电气系统
603392	体外诊断
603393	燃气Ⅲ
603396	光伏加工设备
603398	娱乐用品
603399	钼
603408	卫浴制品
603416	机器人
603421	通信网络设备及器件
603429	纸包装
603439	中药Ⅲ
603444	游戏Ⅲ
603456	医疗研发外包
603458	工程咨询服务Ⅲ
603466	装修装饰Ⅲ
603477	辅料
603486	清洁小家电
603488	楼宇设备
603489	电机Ⅲ
603496	其他计算机设备
603499	纸包装
603500	轨交设备Ⅲ
603501	数字芯片设计
603505	氟化工
603506	物业管理
603507	风电零部件
603508	安防设备
603511	鞋帽及其他
603515	照明设备Ⅲ
603516	其他计算机设备
603517	熟食
603518	非运动服装
603519	家电零部件Ⅲ
603520	原料药
603527	铜
603528	垂直应用软件
603529	其他运输设备
603530	线缆部件及其他
603533	文字媒体
603535	跨境物流
603536	预加工食品
603538	原料药
603551	卫浴电器
603555	运动服装
603556	电工仪器仪表
603557	鞋帽及其他
603558	棉纺
603559	通信工程及服务
603565	航运
603566	动物保健Ⅲ
603567	中药Ⅲ
603568	固废治理
603569	公路货运
603577	线缆部件及其他
603578	家电零部件Ⅲ
603579	其他家电Ⅲ
603580	其他塑料制品
603583	工控设备
603585	农药
603586	底盘与发动机系统
603587	非运动服装
603588	固废治理
603589	白酒Ⅲ
603590	其他生物制品
603595	消费电子零部件及组装
603596	底盘与发动机系统
603598	营销代理
603599	农药
603600	成品家居
603601	玻纤制造
603602	通信工程及服务
603603	水务及水治理
603605	品牌化妆品
603606	线缆部件及其他
603607	综合包装
603608	鞋帽及其他
603609	畜禽饲料
603610	成品家居
603611	工程机械整机
603612	非金属材料Ⅲ
603613	综合电商
603615	其他家居用品
603616	水泥制品
603617	其他通用设备
603618	线缆部件及其他
603619	油田服务
603626	消费电子零部件及组装
603628	光伏辅材
603629	消费电子零部件及组装
603630	品牌化妆品
603633	消费电子零部件及组装
603636	IT服务Ⅲ
603637	化学工程
603638	工程机械器件
603639	农药
603648	中间产品及消费品供应链服务
603650	橡胶助剂
603655	其他汽车零部件
603656	其他专用设备
603657	家电零部件Ⅲ
603658	体外诊断
603659	电池化学品
603660	其他计算机设备
603661	成品家居
603662	仪器仪表
603663	无机盐
603665	鞋帽及其他
603666	机器人
603667	金属制品
603668	水产饲料
603669	化学制剂
603676	化学制剂
603677	家电零部件Ⅲ
603678	军工电子Ⅲ
603679	LED
603680	轨交设备Ⅲ
603681	胶黏剂及胶带
603682	商业物业经营
603683	胶黏剂及胶带
603685	LED
603686	环保设备Ⅲ
603687	纸包装
603688	非金属材料Ⅲ
603689	燃气Ⅲ
603690	半导体设备
603693	风力发电
603696	调味发酵品Ⅲ
603697	零食
603698	能源及重型设备
603699	金属制品
603700	仪器仪表
603701	底盘与发动机系统
603703	LED
603706	燃气Ⅲ
603707	化学制剂
603708	超市
603709	成品家居
603711	软饮料
603712	军工电子Ⅲ
603713	仓储物流
603716	医药流通
603717	园林工程
603718	动物保健Ⅲ
603719	零食
603721	影视动漫制作
603722	其他塑料制品
603725	其他化学制品
603726	家电零部件Ⅲ
603727	油气及炼化工程
603728	电机Ⅲ
603729	营销代理
603730	车身附件及饰件
603733	特种纸
603737	涂料
603738	被动元件
603739	动物保健Ⅲ
603755	调味发酵品Ⅲ
603757	其他通用设备
603758	底盘与发动机系统
603759	水务及水治理
603766	摩托车
603767	底盘与发动机系统
603768	其他汽车零部件
603773	面板
603776	摩托车
603777	零食
603778	园林工程
603779	其他酒类
603786	汽车电子电气系统
603787	摩托车
603788	底盘与发动机系统
603789	农用机械
603790	纺织化学制品
603797	水务及水治理
603798	其他石化
603799	钴
603800	能源及重型设备
603801	定制家居
603803	通信终端及配件
603806	光伏辅材
603808	非运动服装
603809	底盘与发动机系统
603810	农药
603811	化学制剂
603813	公路货运
603815	基建市政工程
603816	成品家居
603817	水务及水治理
603818	成品家居
603819	电机Ⅲ
603822	其他化学制品
603823	涂料油墨
603825	营销代理
603826	非金属材料Ⅲ
603828	装修装饰Ⅲ
603829	配电设备
603833	定制家居
603836	跨境物流
603838	其他家居用品
603839	非运动服装
603843	基建市政工程
603848	成品家居
603855	其他专用设备
603856	管材
603858	中药Ⅲ
603859	工控设备
603860	工程咨询服务Ⅲ
603861	配电设备
603863	大宗用纸
603866	烘焙食品
603867	其他化学制品
603868	个护小家电
603869	IT服务Ⅲ
603871	跨境物流
603876	铝
603877	非运动服装
603878	钢铁管材
603879	合成树脂
603880	医疗耗材
603881	IT服务Ⅲ
603882	诊断服务
603883	线下药店
603885	航空运输
603886	烘焙食品
603887	IT服务Ⅲ
603888	门户网站
603889	其他纺织
603890	消费电子零部件及组装
603893	数字芯片设计
603895	其他专用设备
603896	中药Ⅲ
603897	线缆部件及其他
603898	定制家居
603899	文化用品
603900	钟表珠宝
603901	印刷包装机械
603903	水务及水治理
603906	其他化学制品
603908	鞋帽及其他
603909	工程咨询服务Ⅲ
603912	制冷空调设备
603915	金属制品
603916	其他化学制品
603917	其他汽车零部件
603918	IT服务Ⅲ
603919	白酒Ⅲ
603920	印制电路板
603922	其他汽车零部件
603926	底盘与发动机系统
603927	垂直应用软件
603928	合成树脂
603929	其他专业工程
603931	电子化学品Ⅲ
603933	其他电子Ⅲ
603936	印制电路板
603937	铝
603938	钾肥
603939	线下药店
603948	其他化学制品
603949	底盘与发动机系统
603950	底盘与发动机系统
603955	园林工程
603956	其他专用设备
603958	鞋帽及其他
603959	化学工程
603960	其他自动化设备
603963	中药Ⅲ
603966	能源及重型设备
603967	跨境物流
603968	食品及饲料添加剂
603969	金属制品
603970	农药
603976	医疗耗材
603977	民爆制品
603978	其他金属新材料
603979	其他专业工程
603980	纺织化学制品
603982	底盘与发动机系统
603983	品牌化妆品
603985	金属制品
603986	数字芯片设计
603987	医疗耗材
603988	电机Ⅲ
603989	被动元件
603990	垂直应用软件
603991	其他塑料制品
603992	卫浴制品
603993	钼
603995	特钢Ⅲ
603996	品牌消费电子
603997	车身附件及饰件
603998	中药Ⅲ
603999	大众出版
605001	轨交设备Ⅲ
605003	家纺
605005	汽车电子电气系统
605006	玻纤制造
605007	特种纸
605008	其他塑料制品
605009	生活用纸
605011	热力服务
605016	食品及饲料添加剂
605018	其他汽车零部件
605020	氟化工
605028	热力服务
605050	原材料供应链服务
605055	印染
605056	仪器仪表
605058	印制电路板
605060	其他通用设备
605066	配电设备
605068	车身附件及饰件
605077	食品及饲料添加剂
605080	娱乐用品
605081	水务及水治理
605086	非金属材料Ⅲ
605088	底盘与发动机系统
605089	预加工食品
605090	燃气Ⅲ
605098	培训教育
605099	其他家居用品
605100	金属制品
605108	餐饮
605111	分立器件
605116	原料药
605117	家电零部件Ⅲ
605118	安防设备
605122	水泥制品
605123	航空装备Ⅲ
605128	车身附件及饰件
605133	底盘与发动机系统
605136	电商服务
605151	汽车综合服务
605155	其他家居用品
605158	板材
605162	热力服务
605166	锦纶
605167	化学工程
605168	营销代理
605169	燃气Ⅲ
605177	原料药
605178	装修装饰Ⅲ
605179	乳品
605180	其他纺织
605183	炭黑
605186	其他自动化设备
605188	超市
605189	印染
605196	线缆部件及其他
605198	果蔬加工
605199	中药Ⅲ
605208	铝
605218	面板
605222	线缆部件及其他
605228	车身附件及饰件
605255	底盘与发动机系统
605258	印制电路板
605259	其他专用设备
605266	线下药店
605268	定制家居
605277	消费电子零部件及组装
605286	楼宇设备
605287	装修装饰Ⅲ
605288	工控设备
605289	其他专业工程
605296	生猪养殖
605298	轨交设备Ⅲ
605299	娱乐用品
605300	其他食品
605303	园林工程
605305	工程机械整机
605318	其他建材Ⅲ
605319	其他汽车零部件
605333	汽车电子电气系统
605336	厨房电器
605337	软饮料
605338	预加工食品
605339	其他食品
605358	半导体材料
605365	照明设备Ⅲ
605366	其他化学制品
605368	燃气Ⅲ
605369	医疗耗材
605376	其他小金属
605377	特种纸
605378	蓄电池及其他电池
605388	乳品
605389	工程机械器件
605398	IT服务Ⅲ
605399	有机硅
605488	其他塑料制品
605499	软饮料
605500	大宗用纸
688001	仪器仪表
688002	军工电子Ⅲ
688003	其他自动化设备
688004	IT服务Ⅲ
688005	电池化学品
688006	锂电专用设备
688007	品牌消费电子
688008	数字芯片设计
688009	轨交设备Ⅲ
688010	光学元件
688011	军工电子Ⅲ
688012	半导体设备
688013	医疗耗材
688015	轨交设备Ⅲ
688016	医疗耗材
688017	机器人
688018	数字芯片设计
688019	电子化学品Ⅲ
688020	印制电路板
688021	其他汽车零部件
688022	其他专用设备
688023	横向通用软件
688025	激光设备
688026	其他塑料制品
688027	通信终端及配件
688028	磨具磨料
688029	医疗耗材
688030	横向通用软件
688033	轨交设备Ⅲ
688036	品牌消费电子
688037	半导体设备
688038	垂直应用软件
688039	IT服务Ⅲ
688050	医疗耗材
688051	IT服务Ⅲ
688055	面板
688056	仪器仪表
688057	水务及水治理
688058	垂直应用软件
688059	金属制品
688060	其他计算机设备
688063	锂电池
688065	其他化学制品
688066	IT服务Ⅲ
688067	体外诊断
688068	体外诊断
688069	水务及水治理
688070	航空装备Ⅲ
688071	其他专用设备
688076	医疗研发外包
688077	磁性材料
688078	横向通用软件
688079	光学元件
688080	其他通信设备
688081	军工电子Ⅲ
688083	垂直应用软件
688085	医疗耗材
688086	其他计算机设备
688087	其他塑料制品
688088	IT服务Ⅲ
688089	食品及饲料添加剂
688090	机器人
688092	其他专用设备
688093	其他电子Ⅲ
688095	横向通用软件
688096	水务及水治理
688097	其他自动化设备
688098	动物保健Ⅲ
688099	数字芯片设计
688100	通信终端及配件
688101	水务及水治理
688106	电子化学品Ⅲ
688108	医疗耗材
688109	垂直应用软件
688111	横向通用软件
688113	其他专用设备
688116	电池化学品
688117	化学制剂
688118	垂直应用软件
688122	航空装备Ⅲ
688123	数字芯片设计
688126	半导体材料
688127	光学元件
688128	其他专用设备
688129	涂料油墨
688131	原料药
688133	其他化学制品
688135	集成电路封测
688136	其他生物制品
688138	半导体材料
688139	医疗设备
688155	锂电专用设备
688156	固废治理
688157	涂料油墨
688158	IT服务Ⅲ
688159	通信终端及配件
688160	工控设备
688161	医疗耗材
688165	机器人
688166	化学制剂
688168	横向通用软件
688169	清洁小家电
688177	其他生物制品
688178	水务及水治理
688179	其他化学制品
688180	其他生物制品
688181	面板
688183	印制电路板
688185	疫苗
688186	特钢Ⅲ
688188	其他计算机设备
688189	化学制剂
688191	电网自动化设备
688195	光学元件
688196	其他化学制品
688198	医疗耗材
688199	其他化学制品
688200	半导体设备
688201	横向通用软件
688202	医疗研发外包
688208	其他计算机设备
688215	其他自动化设备
688216	集成电路封测
688217	体外诊断
688218	机器人
688219	改性塑料
688221	化学制剂
688222	医疗研发外包
688226	线缆部件及其他
688228	IT服务Ⅲ
688229	IT服务Ⅲ
688233	半导体材料
688239	航空装备Ⅲ
688256	数字芯片设计
688258	IT服务Ⅲ
688260	消费电子零部件及组装
688266	化学制剂
688268	电子化学品Ⅲ
688269	其他金属新材料
688276	疫苗
688277	医疗设备
688278	其他生物制品
688286	模拟芯片设计
688288	其他计算机设备
688289	体外诊断
688296	垂直应用软件
688298	体外诊断
688299	面板
688300	非金属材料Ⅲ
688301	医疗设备
688303	硅料硅片
688305	机床工具
688308	金属制品
688309	环保设备Ⅲ
688310	其他自动化设备
688311	军工电子Ⅲ
688312	其他专用设备
688313	通信网络设备及器件
688314	医疗耗材
688315	其他医疗服务
688316	IT服务Ⅲ
688317	体外诊断
688318	垂直应用软件
688319	疫苗
688321	化学制剂
688323	膜材料
688328	其他专用设备
688329	其他自动化设备
688330	电网自动化设备
688333	机床工具
688335	水务及水治理
688336	其他生物制品
688338	体外诊断
688339	燃料电池
688345	锂电池
688350	其他化学制品
688355	金属制品
688356	原料药
688357	非金属材料Ⅲ
688358	医疗设备
688359	电子化学品Ⅲ
688360	其他通用设备
688363	医美耗材
688365	IT服务Ⅲ
688366	医疗耗材
688367	轨交设备Ⅲ
688368	模拟芯片设计
688369	横向通用软件
688377	能源及重型设备
688378	其他专用设备
688379	金属制品
688383	其他专用设备
688386	膜材料
688388	铜
688389	体外诊断
688390	逆变器
688393	体外诊断
688395	工控设备
688396	集成电路制造
688398	其他化学制品
688399	体外诊断
688408	光伏辅材
688418	其他通信设备
688425	工程机械整机
688456	铜
688466	水务及水治理
688468	体外诊断
688488	其他生物制品
688499	锂电专用设备
688500	IT服务Ⅲ
688501	环保设备Ⅲ
688505	化学制剂
688508	模拟芯片设计
688509	工程咨询服务Ⅲ
688510	航空装备Ⅲ
688511	军工电子Ⅲ
688513	化学制剂
688516	光伏加工设备
688517	配电设备
688518	激光设备
688519	印制电路板
688520	其他生物制品
688521	数字芯片设计
688526	动物保健Ⅲ
688528	仪器仪表
688529	其他专用设备
688533	汽车电子电气系统
688536	模拟芯片设计
688538	面板
688550	电子化学品Ⅲ
688551	其他能源设备Ⅲ
688555	垂直应用软件
688556	光伏加工设备
688557	其他通用设备
688558	机床工具
688559	激光设备
688560	光伏辅材
688561	横向通用软件
688565	水务及水治理
688566	化学制剂
688567	锂电池
688568	IT服务Ⅲ
688569	轨交设备Ⅲ
688571	涂料油墨
688575	体外诊断
688577	机床工具
688578	化学制剂
688579	垂直应用软件
688580	医疗设备
688585	合成树脂
688586	航空装备Ⅲ
688588	垂直应用软件
688589	数字芯片设计
688590	垂直应用软件
688595	模拟芯片设计
688596	其他专用设备
688597	电工仪器仪表
688598	光伏辅材
688599	光伏电池组件
688600	环保设备Ⅲ
688601	模拟芯片设计
688606	体外诊断
688607	医疗设备
688608	数字芯片设计
688609	其他黑色家电
688611	电网自动化设备
688613	医疗耗材
688616	电工仪器仪表
688617	医疗耗材
688618	通信网络设备及器件
688619	安防设备
688621	医疗研发外包
688625	其他化学制品
688626	医疗设备
688628	仪器仪表
688630	其他专用设备
688633	能源及重型设备
688636	军工电子Ⅲ
688639	食品及饲料添加剂
688655	印制电路板
688656	体外诊断
688658	化学制剂
688659	其他化学制品
688660	风电整机
688661	消费电子零部件及组装
688662	其他电子Ⅲ
688663	配电设备
688665	仪器仪表
688667	汽车电子电气系统
688668	通信网络设备及器件
688669	改性塑料
688676	输变电设备
688677	医疗设备
688678	消费电子零部件及组装
688679	固废治理
688680	光伏辅材
688681	电网自动化设备
688682	军工电子Ⅲ
688683	消费电子零部件及组装
688685	航空装备Ⅲ
688686	其他自动化设备
688687	其他生物制品
688689	分立器件
688690	原料药
688696	彩电
688698	工控设备
688699	模拟芯片设计
688700	其他专用设备
688718	膜材料
688768	仪器仪表
688777	工控设备
688788	军工电子Ⅲ
688789	纺织服装设备
688793	个护小家电
688799	化学制剂
688800	其他电子Ⅲ
688819	蓄电池及其他电池
688981	集成电路制造
689009	其他运输设备
